Rk,Player,Pos,Squad,Age,Born,90s,Gls,Sh,SoT,SoT%,Sh/90,SoT/90,G/Sh,G/SoT,Dist,FK,PK,PKatt,xG,npxG,npxG/Sh,G-xG,np:G-xG
1,Che Adams,FW,Scotland,27,1996,2.3,0,2,1,50,0.86,0.43,0.00,0.0,14.1,0.00,0.00,0.00,0.1,0.1,0.06,-0.1,-0.1
2,Michel Aebischer,DF,Switzerland,27,1997,5.3,1,2,1,50,0.38,0.19,0.50,1.0,21.7,0.00,0.00,0.00,0.1,0.1,0.05,0.9,0.9
3,Arlind Ajeti,DF,Albania,30,1993,3.0,0,0,0,,0.00,0.00,,,,0.00,0.00,0.00,0.0,0.0,,0.0,0.0
4,Manuel Akanji,DF,Switzerland,28,1995,5.3,0,0,0,,0.00,0.00,,,,0.00,0.00,0.00,0.0,0.0,,0.0,0.0
5,Samet Akaydın,DF,Türkiye,29,1994,3.7,1,2,1,50,0.54,0.27,0.50,1.0,5.2,0.00,0.00,0.00,0.4,0.4,0.18,0.6,0.6
6,Nathan Aké,DF,Netherlands,28,1995,5.2,0,2,0,0,0.38,0.00,0.00,,10.0,0.00,0.00,0.00,0.1,0.1,0.06,-0.1,-0.1
7,Yunus Akgün,FW,Türkiye,23,2000,0.8,0,0,0,,0.00,0.00,,,,0.00,0.00,0.00,0.0,0.0,,0.0,0.0
8,Kerem Aktürkoğlu,"FW,MF",Türkiye,25,1998,1.2,1,6,2,33,5.14,1.71,0.17,0.5,12.0,0.00,0.00,0.00,1.4,1.4,0.24,-0.4,-0.4
9,Trent Alexander-Arnold,"MF,DF",England,25,1998,1.5,0,4,1,25,2.69,0.67,0.00,0.0,28.6,1.00,0.00,0.00,0.1,0.1,0.03,-0.1,-0.1
10,Denis Alibec,FW,Romania,33,1991,0.3,0,1,0,0,3.10,0.00,0.00,,14.1,0.00,0.00,0.00,0.3,0.3,0.34,-0.3,-0.3
11,Barış Alper Yılmaz,FW,Türkiye,23,2000,5.0,0,4,3,75,0.80,0.60,0.00,0.0,15.5,0.00,0.00,0.00,0.4,0.4,0.10,-0.4,-0.4
12,Sandro Altunashvili,MF,Georgia,26,1997,0.6,0,0,0,,0.00,0.00,,,,0.00,0.00,0.00,0.0,0.0,,0.0,0.0
13,Zeki Amdouni,"MF,FW",Switzerland,23,2000,0.6,0,2,1,50,3.16,1.58,0.00,0.0,13.5,0.00,0.00,0.00,0.2,0.2,0.10,-0.2,-0.2
14,Joachim Andersen,DF,Denmark,27,1996,4.0,0,3,0,0,0.75,0.00,0.00,,9.0,0.00,0.00,0.00,0.2,0.2,0.05,-0.2,-0.2
15,Robert Andrich,MF,Germany,29,1994,3.5,0,7,2,29,1.98,0.57,0.00,0.0,21.3,0.00,0.00,0.00,0.3,0.3,0.04,-0.3,-0.3
16,Waldemar Anton,DF,Germany,27,1996,0.4,0,0,0,,0.00,0.00,,,,0.00,0.00,0.00,0.0,0.0,,0.0,0.0
17,Stuart Armstrong,MF,Scotland,31,1992,0.2,0,0,0,,0.00,0.00,,,,0.00,0.00,0.00,0.0,0.0,,0.0,0.0
18,Marko Arnautović,FW,Austria,34,1989,3.1,1,3,2,67,0.97,0.65,0.00,0.0,19.4,0.00,1.00,1.00,1.7,0.9,0.29,-0.7,-0.9
19,Jasir Asani,FW,Albania,28,1995,2.3,0,4,1,25,1.71,0.43,0.00,0.0,25.7,0.00,0.00,0.00,0.1,0.1,0.01,-0.1,-0.1
20,Kristjan Asllani,MF,Albania,21,2002,3.0,0,8,3,38,2.67,1.00,0.00,0.0,23.9,1.00,0.00,0.00,0.6,0.6,0.07,-0.6,-0.6
21,Kaan Ayhan,"MF,DF",Türkiye,29,1994,4.0,0,3,0,0,0.75,0.00,0.00,,15.6,0.00,0.00,0.00,0.3,0.3,0.10,-0.3,-0.3
22,Alex Baena,"MF,FW",Spain,22,2001,0.3,0,0,0,,0.00,0.00,,,,0.00,0.00,0.00,0.0,0.0,,0.0,0.0
23,Alexander Bah,"DF,MF",Denmark,26,1997,3.1,0,2,0,0,0.64,0.00,0.00,,14.4,0.00,0.00,0.00,0.4,0.4,0.19,-0.4,-0.4
24,Nedim Bajrami,"FW,MF",Albania,24,1999,2.7,1,3,1,33,1.10,0.37,0.33,1.0,15.5,0.00,0.00,0.00,0.1,0.1,0.05,0.9,0.9
25,Johan Bakayoko,"FW,DF",Belgium,20,2003,0.5,0,3,0,0,5.63,0.00,0.00,,16.0,0.00,0.00,0.00,0.6,0.6,0.22,-0.6,-0.6
26,Jure Balkovec,DF,Slovenia,29,1994,1.3,0,0,0,,0.00,0.00,,,,0.00,0.00,0.00,0.0,0.0,,0.0,0.0
27,Iván Balliu,DF,Albania,32,1992,1.0,0,0,0,,0.00,0.00,,,,0.00,0.00,0.00,0.0,0.0,,0.0,0.0
28,Nicușor Bancu,DF,Romania,31,1992,3.0,0,0,0,,0.00,0.00,,,,0.00,0.00,0.00,0.0,0.0,,0.0,0.0
29,Antonín Barák,MF,Czechia,29,1994,0.5,0,0,0,,0.00,0.00,,,,0.00,0.00,0.00,0.0,0.0,,0.0,0.0
30,Bradley Barcola,"FW,MF",France,21,2002,1.1,0,2,1,50,1.75,0.87,0.00,0.0,9.9,0.00,0.00,0.00,0.1,0.1,0.07,-0.1,-0.1
31,Abdülkerim Bardakcı,DF,Türkiye,29,1994,4.0,0,2,0,0,0.50,0.00,0.00,,8.9,0.00,0.00,0.00,0.3,0.3,0.13,-0.3,-0.3
32,Nicolò Barella,MF,Italy,26,1997,3.7,1,1,1,100,0.27,0.27,1.00,1.0,21.7,0.00,0.00,0.00,0.1,0.1,0.09,0.9,0.9
33,Alessandro Bastoni,DF,Italy,24,1999,4.0,1,3,2,67,0.75,0.50,0.33,0.5,6.4,0.00,0.00,0.00,0.5,0.5,0.17,0.5,0.5
34,Martin Baturina,FW,Croatia,20,2003,0.1,0,1,1,100,12.86,12.86,0.00,0.0,13.3,0.00,0.00,0.00,0.1,0.1,0.07,-0.1,-0.1
35,Christoph Baumgartner,"MF,FW",Austria,24,1999,3.2,1,8,4,50,2.49,1.25,0.13,0.3,11.5,0.00,0.00,0.00,1.8,1.8,0.22,-0.8,-0.8
36,Altay Bayındır,GK,Türkiye,25,1998,1.0,0,0,0,,0.00,0.00,,,,0.00,0.00,0.00,0.0,0.0,,0.0,0.0
37,Jan Bednarek,DF,Poland,27,1996,3.0,0,1,0,0,0.33,0.00,0.00,,11.5,0.00,0.00,0.00,0.2,0.2,0.16,-0.2,-0.2
38,Maximilian Beier,FW,Germany,21,2002,0.3,0,0,0,,0.00,0.00,,,,0.00,0.00,0.00,0.0,0.0,,0.0,0.0
39,Jude Bellingham,"MF,FW",England,20,2003,7.4,2,6,3,50,0.81,0.40,0.33,0.7,13.7,0.00,0.00,0.00,0.6,0.6,0.11,1.4,1.4
40,László Bénes,MF,Slovakia,26,1997,0.8,0,1,0,0,1.27,0.00,0.00,,16.3,0.00,0.00,0.00,0.1,0.1,0.10,-0.1,-0.1
41,Bartosz Bereszyński,DF,Poland,31,1992,0.1,0,0,0,,0.00,0.00,,,,0.00,0.00,0.00,0.0,0.0,,0.0,0.0
42,Steven Bergwijn,FW,Netherlands,26,1997,1.0,0,1,0,0,1.00,0.00,0.00,,31.7,0.00,0.00,0.00,0.0,0.0,0.02,0.0,0.0
43,Medon Berisha,MF,Albania,20,2003,0.2,0,1,0,0,4.29,0.00,0.00,,26.6,0.00,0.00,0.00,0.0,0.0,0.03,0.0,0.0
44,Victor Bernth Kristiansen,"DF,MF",Denmark,21,2002,1.7,0,1,0,0,0.58,0.00,0.00,,20.2,0.00,0.00,0.00,0.0,0.0,0.03,0.0,0.0
45,Matúš Bero,"MF,DF",Slovakia,28,1995,0.5,0,1,0,0,2.20,0.00,0.00,,26.6,0.00,0.00,0.00,0.0,0.0,0.03,0.0,0.0
46,Jaka Bijol,DF,Slovenia,24,1999,4.3,0,1,0,0,0.23,0.00,0.00,,7.1,0.00,0.00,0.00,0.0,0.0,0.01,0.0,0.0
47,Veljko Birmančević,DF,Serbia,25,1998,0.3,0,1,0,0,3.46,0.00,0.00,,24.6,0.00,0.00,0.00,0.0,0.0,0.02,0.0,0.0
48,Daley Blind,FW,Netherlands,33,1990,0.0,0,0,0,,0.00,0.00,,,,0.00,0.00,0.00,0.0,0.0,,0.0,0.0
49,Bendegúz Bolla,DF,Hungary,24,1999,2.3,0,3,1,33,1.32,0.44,0.00,0.0,22.3,0.00,0.00,0.00,0.1,0.1,0.02,-0.1,-0.1
50,Endre Botka,DF,Hungary,29,1994,1.0,0,0,0,,0.00,0.00,,,,0.00,0.00,0.00,0.0,0.0,,0.0,0.0
51,Jarrod Bowen,FW,England,27,1996,0.4,0,0,0,,0.00,0.00,,,,0.00,0.00,0.00,0.0,0.0,,0.0,0.0
52,Róbert Boženík,FW,Slovakia,24,1999,2.3,0,3,1,33,1.30,0.43,0.00,0.0,17.7,0.00,0.00,0.00,0.1,0.1,0.04,-0.1,-0.1
53,Volodymyr Brazhko,MF,Ukraine,22,2002,2.0,0,2,1,50,0.99,0.49,0.00,0.0,30.6,0.00,0.00,0.00,0.0,0.0,0.02,0.0,0.0
54,David Brekalo,MF,Slovenia,25,1998,0.0,0,0,0,,0.00,0.00,,,,0.00,0.00,0.00,0.0,0.0,,0.0,0.0
55,Brian Brobbey,FW,Netherlands,21,2002,0.0,0,0,0,,0.00,0.00,,,,0.00,0.00,0.00,0.0,0.0,,0.0,0.0
56,Armando Broja,FW,Albania,22,2001,1.2,0,2,2,100,1.67,1.67,0.00,0.0,13.8,0.00,0.00,0.00,0.2,0.2,0.11,-0.2,-0.2
57,Marcelo Brozović,MF,Croatia,31,1992,2.5,0,3,2,67,1.20,0.80,0.00,0.0,24.8,0.00,0.00,0.00,0.1,0.1,0.05,-0.1,-0.1
58,Jacob Bruun Larsen,FW,Denmark,25,1998,0.1,0,0,0,,0.00,0.00,,,,0.00,0.00,0.00,0.0,0.0,,0.0,0.0
59,Ante Budimir,FW,Croatia,32,1991,1.4,0,5,3,60,3.69,2.21,0.00,0.0,9.3,0.00,0.00,0.00,0.8,0.5,0.10,-0.8,-0.5
60,Adam Buksa,FW,Poland,27,1996,1.7,1,3,1,33,1.81,0.60,0.33,1.0,12.8,0.00,0.00,0.00,0.2,0.2,0.05,0.8,0.8
61,Andrei Burcă,DF,Romania,30,1993,4.0,0,1,0,0,0.25,0.00,0.00,,9.0,0.00,0.00,0.00,0.1,0.1,0.08,-0.1,-0.1
62,Riccardo Calafiori,DF,Italy,21,2002,3.0,0,3,0,0,1.00,0.00,0.00,,11.1,0.00,0.00,0.00,0.3,0.3,0.10,-0.3,-0.3
63,Hakan Çalhanoğlu,MF,Türkiye,29,1994,3.9,1,10,2,20,2.54,0.51,0.10,0.5,22.4,1.00,0.00,0.00,0.4,0.4,0.04,0.6,0.6
64,Eduardo Camavinga,MF,France,21,2002,1.9,0,2,0,0,1.07,0.00,0.00,,17.2,0.00,0.00,0.00,0.3,0.3,0.14,-0.3,-0.3
65,Andrea Cambiaso,"FW,DF",Italy,23,2000,0.8,0,0,0,,0.00,0.00,,,,0.00,0.00,0.00,0.0,0.0,,0.0,0.0
66,Emre Can,MF,Germany,30,1994,1.1,1,1,1,100,0.88,0.88,1.00,1.0,23.3,0.00,0.00,0.00,0.0,0.0,0.04,1.0,1.0
67,João Cancelo,"DF,MF",Portugal,29,1994,3.8,0,2,0,0,0.52,0.00,0.00,,15.6,0.00,0.00,0.00,0.1,0.1,0.04,-0.1,-0.1
68,Yannick Carrasco,"DF,FW",Belgium,30,1993,2.4,0,6,1,17,2.48,0.41,0.00,0.0,17.0,0.00,0.00,0.00,0.3,0.3,0.06,-0.3,-0.3
69,Dani Carvajal,DF,Spain,32,1992,5.2,1,2,2,100,0.38,0.38,0.50,0.5,7.4,0.00,0.00,0.00,0.5,0.5,0.26,0.5,0.5
70,Timothy Castagne,DF,Belgium,28,1995,4.0,0,0,0,,0.00,0.00,,,,0.00,0.00,0.00,0.0,0.0,,0.0,0.0
71,Koen Casteels,GK,Belgium,31,1992,4.0,0,0,0,,0.00,0.00,,,,0.00,0.00,0.00,0.0,0.0,,0.0,0.0
72,Žan Celar,"FW,MF",Slovenia,24,1999,0.7,0,1,0,0,1.34,0.00,0.00,,28.4,0.00,0.00,0.00,0.0,0.0,0.03,0.0,0.0
73,Zeki Çelik,"DF,MF",Türkiye,26,1997,1.2,0,1,0,0,0.86,0.00,0.00,,11.2,0.00,0.00,0.00,0.2,0.2,0.20,-0.2,-0.2
74,Václav Černý,MF,Czechia,26,1997,0.6,0,2,1,50,3.33,1.67,0.00,0.0,14.0,0.00,0.00,0.00,0.5,0.5,0.24,-0.5,-0.5
75,Giorgi Chakvetadze,"MF,FW",Georgia,24,1999,2.7,0,2,0,0,0.74,0.00,0.00,,20.0,0.00,0.00,0.00,0.1,0.1,0.03,-0.1,-0.1
76,Federico Chiesa,"FW,MF",Italy,26,1997,2.9,0,8,0,0,2.74,0.00,0.00,,19.6,0.00,0.00,0.00,0.2,0.2,0.02,-0.2,-0.2
77,Tomáš Chorý,MF,Czechia,29,1995,0.4,0,1,0,0,2.50,0.00,0.00,,4.9,0.00,0.00,0.00,0.4,0.4,0.40,-0.4,-0.4
78,Andreas Christensen,DF,Denmark,27,1996,3.9,0,4,0,0,1.03,0.00,0.00,,17.6,0.00,0.00,0.00,0.5,0.5,0.11,-0.5,-0.5
79,Ryan Christie,"MF,FW",Scotland,28,1995,1.1,0,0,0,,0.00,0.00,,,,0.00,0.00,0.00,0.0,0.0,,0.0,0.0
80,Mojmir Chytil,FW,Czechia,24,1999,1.2,0,2,0,0,1.68,0.00,0.00,,11.1,0.00,0.00,0.00,0.2,0.2,0.09,-0.2,-0.2
81,Alexandru Cicâldău,MF,Romania,26,1997,0.2,0,0,0,,0.00,0.00,,,,0.00,0.00,0.00,0.0,0.0,,0.0,0.0
82,Florinel Coman,MF,Romania,25,1998,1.3,0,2,1,50,1.53,0.76,0.00,0.0,24.2,0.00,0.00,0.00,0.1,0.1,0.04,-0.1,-0.1
83,Kingsley Coman,MF,France,27,1996,0.2,0,0,0,,0.00,0.00,,,,0.00,0.00,0.00,0.0,0.0,,0.0,0.0
84,Francisco Conceição,"FW,MF",Portugal,21,2002,2.0,1,5,1,20,2.47,0.49,0.20,1.0,14.5,0.00,0.00,0.00,0.9,0.9,0.18,0.1,0.1
85,Diogo Costa,GK,Portugal,24,1999,5.7,0,0,0,,0.00,0.00,,,,0.00,0.00,0.00,0.0,0.0,,0.0,0.0
86,Vladimír Coufal,"DF,FW",Czechia,31,1992,3.0,0,0,0,,0.00,0.00,,,,0.00,0.00,0.00,0.0,0.0,,0.0,0.0
87,Bryan Cristante,MF,Italy,28,1995,1.5,0,2,1,50,1.35,0.68,0.00,0.0,18.7,0.00,0.00,0.00,0.1,0.1,0.04,-0.1,-0.1
88,Kevin Csoboth,DF,Hungary,23,2000,0.1,1,2,1,50,20.00,10.00,0.50,1.0,11.9,0.00,0.00,0.00,0.6,0.6,0.31,0.4,0.4
89,Marc Cucurella,DF,Spain,25,1998,6.1,0,1,1,100,0.17,0.17,0.00,0.0,24.4,0.00,0.00,0.00,0.0,0.0,0.02,0.0,0.0
90,Mirlind Daku,FW,Albania,26,1998,0.1,0,1,0,0,15.00,0.00,0.00,,10.9,0.00,0.00,0.00,0.1,0.1,0.11,-0.1,-0.1
91,Diogo Dalot,"DF,MF",Portugal,24,1999,1.7,0,3,1,33,1.78,0.59,0.00,0.0,21.8,0.00,0.00,0.00,0.1,0.1,0.02,-0.1,-0.1
92,Mikkel Damsgaard,FW,Denmark,23,2000,0.4,0,1,1,100,2.65,2.65,0.00,0.0,25.5,0.00,0.00,0.00,0.0,0.0,0.01,0.0,0.0
93,Kevin Danso,DF,Austria,25,1998,2.4,0,1,0,0,0.42,0.00,0.00,,10.9,0.00,0.00,0.00,0.0,0.0,0.04,0.0,0.0
94,Márton Dárdai,DF,Hungary,21,2002,1.9,0,1,0,0,0.51,0.00,0.00,,9.6,0.00,0.00,0.00,0.1,0.1,0.07,-0.1,-0.1
95,Matteo Darmian,DF,Italy,34,1989,1.8,0,0,0,,0.00,0.00,,,,0.00,0.00,0.00,0.0,0.0,,0.0,0.0
96,Zuriko Davitashvili,"FW,MF",Georgia,22,2001,1.3,0,2,0,0,1.57,0.00,0.00,,12.6,0.00,0.00,0.00,0.1,0.1,0.04,-0.1,-0.1
97,Paweł Dawidowicz,DF,Poland,28,1995,2.0,0,1,0,0,0.50,0.00,0.00,,9.1,0.00,0.00,0.00,0.1,0.1,0.10,-0.1,-0.1
98,Kevin De Bruyne,MF,Belgium,32,1991,4.0,1,11,5,46,2.75,1.25,0.09,0.2,20.4,1.00,0.00,0.00,0.9,0.9,0.08,0.1,0.1
99,Charles De Ketelaere,FW,Belgium,22,2001,0.0,0,0,0,,0.00,0.00,,,,0.00,0.00,0.00,0.0,0.0,,0.0,0.0
100,Zeno Debast,DF,Belgium,20,2003,1.2,0,0,0,,0.00,0.00,,,,0.00,0.00,0.00,0.0,0.0,,0.0,0.0
101,Thomas Delaney,MF,Denmark,32,1991,0.9,0,1,0,0,1.07,0.00,0.00,,3.8,0.00,0.00,0.00,0.1,0.1,0.11,-0.1,-0.1
102,Ousmane Dembélé,"FW,MF",France,26,1997,4.0,0,8,1,13,1.99,0.25,0.00,0.0,19.4,0.00,0.00,0.00,0.5,0.5,0.07,-0.5,-0.5
103,Merih Demiral,DF,Türkiye,25,1998,2.3,2,3,2,67,1.30,0.87,0.67,1.0,4.0,0.00,0.00,0.00,0.7,0.7,0.24,1.3,1.3
104,Giovanni Di Lorenzo,"DF,FW",Italy,30,1993,4.0,0,2,0,0,0.50,0.00,0.00,,5.9,0.00,0.00,0.00,0.2,0.2,0.08,-0.2,-0.2
105,Rúben Dias,DF,Portugal,26,1997,4.7,0,2,0,0,0.43,0.00,0.00,,17.5,0.00,0.00,0.00,0.1,0.1,0.05,-0.1,-0.1
106,Federico Dimarco,"DF,FW",Italy,26,1997,2.5,0,2,1,50,0.79,0.39,0.00,0.0,23.5,0.00,0.00,0.00,0.0,0.0,0.02,0.0,0.0
107,Berat Djimsiti,DF,Albania,30,1993,3.0,0,2,0,0,0.67,0.00,0.00,,14.9,0.00,0.00,0.00,0.1,0.1,0.05,-0.1,-0.1
108,Jeremy Doku,"FW,MF",Belgium,21,2002,3.6,0,5,1,20,1.41,0.28,0.00,0.0,16.4,0.00,0.00,0.00,0.2,0.2,0.04,-0.2,-0.2
109,Kasper Dolberg,FW,Denmark,26,1997,0.4,0,0,0,,0.00,0.00,,,,0.00,0.00,0.00,0.0,0.0,,0.0,0.0
110,Gianluigi Donnarumma,GK,Italy,24,1999,4.0,0,0,0,,0.00,0.00,,,,0.00,0.00,0.00,0.0,0.0,,0.0,0.0
111,David Doudera,FW,Czechia,25,1998,1.0,0,0,0,,0.00,0.00,,,,0.00,0.00,0.00,0.0,0.0,,0.0,0.0
112,Artem Dovbyk,FW,Ukraine,26,1997,2.7,0,6,0,0,2.20,0.00,0.00,,14.9,0.00,0.00,0.00,0.6,0.6,0.11,-0.6,-0.6
113,Denis Drăguș,FW,Romania,24,1999,3.2,1,5,2,40,1.55,0.62,0.20,0.5,15.6,0.00,0.00,0.00,1.1,1.1,0.21,-0.1,-0.1
114,Radu Drăgușin,DF,Romania,21,2002,4.0,0,3,1,33,0.75,0.25,0.00,0.0,17.4,0.00,0.00,0.00,0.2,0.2,0.08,-0.2,-0.2
115,Vanja Drkušič,DF,Slovenia,24,1999,4.3,0,0,0,,0.00,0.00,,,,0.00,0.00,0.00,0.0,0.0,,0.0,0.0
116,Kwadwo Duah,FW,Switzerland,26,1997,1.2,1,4,3,75,3.36,2.52,0.25,0.3,16.0,0.00,0.00,0.00,0.7,0.7,0.18,0.3,0.3
117,Martin Dúbravka,GK,Slovakia,35,1989,4.3,0,0,0,,0.00,0.00,,,,0.00,0.00,0.00,0.0,0.0,,0.0,0.0
118,Ondrej Duda,MF,Slovakia,29,1994,3.5,1,2,1,50,0.57,0.28,0.50,1.0,15.6,0.00,0.00,0.00,0.3,0.3,0.13,0.7,0.7
119,Denzel Dumfries,DF,Netherlands,27,1996,5.0,0,4,0,0,0.80,0.00,0.00,,10.8,0.00,0.00,0.00,0.3,0.3,0.07,-0.3,-0.3
120,Dávid Ďuriš,"FW,MF",Slovakia,24,1999,0.3,0,0,0,,0.00,0.00,,,,0.00,0.00,0.00,0.0,0.0,,0.0,0.0
121,Lasha Dvali,DF,Georgia,28,1995,4.0,0,0,0,,0.00,0.00,,,,0.00,0.00,0.00,0.0,0.0,,0.0,0.0
122,Timi Elšnik,MF,Slovenia,25,1998,4.0,0,3,0,0,0.75,0.00,0.00,,19.2,0.00,0.00,0.00,0.3,0.3,0.10,-0.3,-0.3
123,Breel Embolo,FW,Switzerland,26,1997,3.3,2,8,4,50,2.43,1.22,0.25,0.5,13.6,0.00,0.00,0.00,2.1,2.1,0.27,-0.1,-0.1
124,Christian Eriksen,"MF,FW",Denmark,31,1992,3.9,1,12,2,17,3.10,0.52,0.08,0.5,19.1,1.00,0.00,0.00,1.3,1.3,0.11,-0.3,-0.3
125,Eberechi Eze,"DF,MF",England,25,1998,1.1,0,2,0,0,1.76,0.00,0.00,,21.2,0.00,0.00,0.00,0.1,0.1,0.04,-0.1,-0.1
126,Wout Faes,DF,Belgium,25,1998,4.0,0,0,0,,0.00,0.00,,,,0.00,0.00,0.00,0.0,0.0,,0.0,0.0
127,Nicolò Fagioli,MF,Italy,22,2001,1.1,0,1,0,0,0.95,0.00,0.00,,28.7,0.00,0.00,0.00,0.0,0.0,0.02,0.0,0.0
128,João Félix,"MF,FW",Portugal,24,1999,1.2,0,4,1,25,3.43,0.86,0.00,0.0,20.0,0.00,0.00,0.00,0.1,0.1,0.04,-0.1,-0.1
129,Bruno Fernandes,MF,Portugal,29,1994,4.2,1,10,2,20,2.41,0.48,0.10,0.5,22.7,1.00,0.00,0.00,1.2,1.2,0.12,-0.2,-0.2
130,Attila Fiola,DF,Hungary,33,1990,2.0,0,0,0,,0.00,0.00,,,,0.00,0.00,0.00,0.0,0.0,,0.0,0.0
131,Phil Foden,"FW,MF",England,23,2000,6.9,0,13,4,31,1.90,0.58,0.00,0.0,23.0,2.00,0.00,0.00,0.5,0.5,0.04,-0.5,-0.5
132,Youssouf Fofana,MF,France,25,1999,0.5,0,1,0,0,2.20,0.00,0.00,,26.2,0.00,0.00,0.00,0.0,0.0,0.03,0.0,0.0
133,Michael Folorunsho,FW,Italy,25,1998,0.0,0,0,0,,0.00,0.00,,,,0.00,0.00,0.00,0.0,0.0,,0.0,0.0
134,Przemysław Frankowski,DF,Poland,28,1995,3.0,0,0,0,,0.00,0.00,,,,0.00,0.00,0.00,0.0,0.0,,0.0,0.0
135,Davide Frattesi,MF,Italy,24,1999,2.1,0,2,1,50,0.97,0.49,0.00,0.0,11.3,0.00,0.00,0.00,0.3,0.3,0.13,-0.3,-0.3
136,Remo Freuler,MF,Switzerland,31,1992,5.1,1,3,1,33,0.59,0.20,0.33,1.0,20.8,0.00,0.00,0.00,0.3,0.3,0.09,0.7,0.7
137,Jeremie Frimpong,FW,Netherlands,23,2000,1.0,0,2,1,50,2.09,1.05,0.00,0.0,15.5,0.00,0.00,0.00,0.1,0.1,0.03,-0.1,-0.1
138,Chris Führich,FW,Germany,26,1998,0.2,0,1,0,0,4.74,0.00,0.00,,13.4,0.00,0.00,0.00,0.0,0.0,0.04,0.0,0.0
139,Niclas Füllkrug,FW,Germany,30,1993,1.8,2,9,3,33,4.88,1.63,0.22,0.7,11.2,0.00,0.00,0.00,1.0,1.0,0.12,1.0,1.0
140,Mijat Gaćinović,DF,Serbia,28,1995,0.5,0,1,0,0,2.00,0.00,0.00,,16.3,0.00,0.00,0.00,0.1,0.1,0.06,-0.1,-0.1
141,Cody Gakpo,FW,Netherlands,24,1999,5.8,3,13,8,62,2.24,1.38,0.23,0.4,15.9,0.00,0.00,0.00,1.1,1.1,0.08,1.9,1.9
142,Conor Gallagher,MF,England,23,2000,1.3,0,0,0,,0.00,0.00,,,,0.00,0.00,0.00,0.0,0.0,,0.0,0.0
143,Dániel Gazdag,MF,Hungary,27,1996,0.0,0,0,0,,0.00,0.00,,,,0.00,0.00,0.00,0.0,0.0,,0.0,0.0
144,Lutsharel Geertruida,DF,Netherlands,23,2000,1.2,0,0,0,,0.00,0.00,,,,0.00,0.00,0.00,0.0,0.0,,0.0,0.0
145,Billy Gilmour,MF,Scotland,22,2001,2.0,0,2,0,0,0.98,0.00,0.00,,20.0,0.00,0.00,0.00,0.0,0.0,0.02,0.0,0.0
146,Olivier Giroud,FW,France,37,1986,0.7,0,2,0,0,3.05,0.00,0.00,,12.0,0.00,0.00,0.00,0.2,0.2,0.08,-0.2,-0.2
147,Klaus Gjasula,MF,Albania,34,1989,0.2,1,2,1,50,9.47,4.74,0.50,1.0,18.0,0.00,0.00,0.00,0.3,0.3,0.15,0.7,0.7
148,Adam Gnezda Čerin,MF,Slovenia,24,1999,4.3,0,4,1,25,0.92,0.23,0.00,0.0,22.1,0.00,0.00,0.00,0.3,0.3,0.06,-0.3,-0.3
149,Anthony Gordon,FW,England,22,2001,0.0,0,0,0,,0.00,0.00,,,,0.00,0.00,0.00,0.0,0.0,,0.0,0.0
150,Jon Gorenc Stanković,MF,Slovenia,28,1996,1.0,0,1,0,0,0.96,0.00,0.00,,21.2,0.00,0.00,0.00,0.0,0.0,0.03,0.0,0.0
151,Michael Gregoritsch,FW,Austria,29,1994,1.4,1,4,2,50,2.86,1.43,0.25,0.5,8.7,0.00,0.00,0.00,0.9,0.9,0.24,0.1,0.1
152,Antoine Griezmann,"MF,FW",France,32,1991,4.4,0,12,4,33,2.74,0.91,0.00,0.0,18.5,1.00,0.00,0.00,2.0,2.0,0.16,-2.0,-2.0
153,Florian Grillitsch,MF,Austria,28,1995,2.2,0,5,2,40,2.32,0.93,0.00,0.0,21.8,0.00,0.00,0.00,0.2,0.2,0.04,-0.2,-0.2
154,Álex Grimaldo,DF,Spain,28,1995,1.3,0,0,0,,0.00,0.00,,,,0.00,0.00,0.00,0.0,0.0,,0.0,0.0
155,Pascal Groß,MF,Germany,32,1991,0.5,0,1,0,0,2.00,0.00,0.00,,23.5,0.00,0.00,0.00,0.0,0.0,0.03,0.0,0.0
156,Kamil Grosicki,MF,Poland,35,1988,0.2,0,1,0,0,5.63,0.00,0.00,,7.2,0.00,0.00,0.00,0.3,0.3,0.29,-0.3,-0.3
157,Nemanja Gudelj,MF,Serbia,32,1991,1.0,0,0,0,,0.00,0.00,,,,0.00,0.00,0.00,0.0,0.0,,0.0,0.0
158,Marc Guéhi,DF,England,23,2000,6.3,0,2,0,0,0.32,0.00,0.00,,7.4,0.00,0.00,0.00,0.2,0.2,0.08,-0.2,-0.2
159,Péter Gulácsi,GK,Hungary,33,1990,3.0,0,0,0,,0.00,0.00,,,,0.00,0.00,0.00,0.0,0.0,,0.0,0.0
160,Arda Güler,"FW,MF",Türkiye,18,2005,3.8,1,9,1,11,2.38,0.26,0.11,1.0,32.5,1.00,0.00,0.00,0.3,0.3,0.03,0.7,0.7
161,İlkay Gündoğan,MF,Germany,33,1990,4.3,1,7,2,29,1.64,0.47,0.14,0.5,14.4,0.00,0.00,0.00,0.8,0.8,0.11,0.2,0.2
162,Angus Gunn,GK,Scotland,28,1996,3.0,0,0,0,,0.00,0.00,,,,0.00,0.00,0.00,0.0,0.0,,0.0,0.0
163,Mert Günok,GK,Türkiye,34,1989,4.0,0,0,0,,0.00,0.00,,,,0.00,0.00,0.00,0.0,0.0,,0.0,0.0
164,Joško Gvardiol,DF,Croatia,22,2002,3.0,0,2,0,0,0.67,0.00,0.00,,15.4,0.00,0.00,0.00,0.1,0.1,0.05,-0.1,-0.1
165,Giorgi Gwelesiani,DF,Georgia,32,1991,1.8,0,0,0,,0.00,0.00,,,,0.00,0.00,0.00,0.0,0.0,,0.0,0.0
166,Norbert Gyömbér,DF,Slovakia,31,1992,0.4,0,0,0,,0.00,0.00,,,,0.00,0.00,0.00,0.0,0.0,,0.0,0.0
167,Ianis Hagi,MF,Romania,25,1998,2.1,0,2,0,0,0.96,0.00,0.00,,21.8,0.00,0.00,0.00,0.1,0.1,0.07,-0.1,-0.1
168,Dávid Hancko,DF,Slovakia,26,1997,4.1,0,4,2,50,0.98,0.49,0.00,0.0,15.4,1.00,0.00,0.00,0.2,0.2,0.06,-0.2,-0.2
169,Grant Hanley,DF,Scotland,32,1991,2.5,0,1,0,0,0.40,0.00,0.00,,5.6,0.00,0.00,0.00,0.2,0.2,0.23,-0.2,-0.2
170,Lukáš Haraslín,FW,Slovakia,27,1996,2.9,0,8,4,50,2.73,1.36,0.00,0.0,17.6,0.00,0.00,0.00,0.5,0.5,0.06,-0.5,-0.5
171,Kai Havertz,"FW,MF",Germany,24,1999,4.3,2,17,9,53,3.93,2.08,0.00,0.0,14.6,1.00,2.00,2.00,4.1,2.5,0.15,-2.1,-2.5
172,Jack Hendry,DF,Scotland,28,1995,2.9,0,1,0,0,0.34,0.00,0.00,,13.1,0.00,0.00,0.00,0.0,0.0,0.03,0.0,0.0
173,Benjamin Henrichs,DF,Germany,26,1997,0.1,0,1,0,0,9.00,0.00,0.00,,25.2,0.00,0.00,0.00,0.0,0.0,0.02,0.0,0.0
174,Theo Hernández,DF,France,26,1997,6.3,0,4,2,50,0.63,0.32,0.00,0.0,16.3,0.00,0.00,0.00,0.4,0.4,0.10,-0.4,-0.4
175,Morten Hjulmand,MF,Denmark,24,1999,2.7,1,5,2,40,1.84,0.73,0.20,0.5,29.3,0.00,0.00,0.00,0.1,0.1,0.03,0.9,0.9
176,Adam Hložek,MF,Czechia,21,2002,1.2,0,4,4,100,3.33,3.33,0.00,0.0,16.0,0.00,0.00,0.00,0.5,0.5,0.14,-0.5,-0.5
177,Tomáš Holeš,DF,Czechia,30,1993,3.0,0,1,0,0,0.33,0.00,0.00,,32.1,0.00,0.00,0.00,0.0,0.0,0.02,0.0,0.0
178,Arbër Hoxha,"FW,MF",Albania,25,1998,0.6,0,2,1,50,3.60,1.80,0.00,0.0,18.5,0.00,0.00,0.00,0.1,0.1,0.05,-0.1,-0.1
179,Robin Hranáč,DF,Czechia,24,2000,3.0,0,2,0,0,0.67,0.00,0.00,,9.8,0.00,0.00,0.00,0.3,0.3,0.16,-0.3,-0.3
180,Elseid Hysaj,DF,Albania,29,1994,2.0,0,2,0,0,1.00,0.00,0.00,,21.3,0.00,0.00,0.00,0.1,0.1,0.04,-0.1,-0.1
181,Pierre Højbjerg,MF,Denmark,28,1995,3.9,0,7,4,57,1.78,1.02,0.00,0.0,24.9,0.00,0.00,0.00,0.2,0.2,0.03,-0.2,-0.2
182,Rasmus Højlund,FW,Denmark,20,2003,3.2,0,6,4,67,1.89,1.26,0.00,0.0,13.1,0.00,0.00,0.00,0.7,0.7,0.11,-0.7,-0.7
183,Ivan Ilić,MF,Serbia,22,2001,2.2,0,2,0,0,0.90,0.00,0.00,,26.6,0.00,0.00,0.00,0.0,0.0,0.02,0.0,0.0
184,Josip Iličić,"FW,MF",Slovenia,36,1988,0.3,0,1,0,0,2.90,0.00,0.00,,27.4,1.00,0.00,0.00,0.0,0.0,0.05,0.0,0.0
185,Gonçalo Inácio,DF,Portugal,22,2001,1.3,0,1,0,0,0.76,0.00,0.00,,9.5,0.00,0.00,0.00,0.1,0.1,0.09,-0.1,-0.1
186,Luka Ivanušec,MF,Croatia,25,1998,0.2,0,0,0,,0.00,0.00,,,,0.00,0.00,0.00,0.0,0.0,,0.0,0.0
187,Erik Janža,DF,Slovenia,30,1993,3.0,1,3,1,33,1.00,0.33,0.33,1.0,27.2,0.00,0.00,0.00,0.0,0.0,0.01,1.0,1.0
188,Jorginho,MF,Italy,32,1991,2.4,0,0,0,,0.00,0.00,,,,0.00,0.00,0.00,0.0,0.0,,0.0,0.0
189,Joselu,FW,Spain,33,1990,1.0,0,3,0,0,3.00,0.00,0.00,,12.6,0.00,0.00,0.00,0.2,0.2,0.06,-0.2,-0.2
190,Diogo Jota,"FW,MF",Portugal,27,1996,1.1,0,2,1,50,1.80,0.90,0.00,0.0,8.6,0.00,0.00,0.00,0.7,0.7,0.33,-0.7,-0.7
191,Luka Jović,"MF,FW",Serbia,26,1997,1.1,1,1,1,100,0.88,0.88,1.00,1.0,6.0,0.00,0.00,0.00,0.2,0.2,0.19,0.8,0.8
192,Josip Juranović,DF,Croatia,28,1995,1.0,0,0,0,,0.00,0.00,,,,0.00,0.00,0.00,0.0,0.0,,0.0,0.0
193,David Jurásek,DF,Czechia,23,2000,1.8,0,4,2,50,2.25,1.13,0.00,0.0,25.5,0.00,0.00,0.00,0.3,0.3,0.07,-0.3,-0.3
194,Matěj Jurásek,"DF,MF",Czechia,20,2003,0.5,0,4,2,50,7.83,3.91,0.00,0.0,25.7,0.00,0.00,0.00,0.1,0.1,0.02,-0.1,-0.1
195,Ferdi Kadioglu,"DF,MF",Türkiye,24,1999,5.0,0,2,0,0,0.40,0.00,0.00,,29.3,0.00,0.00,0.00,0.1,0.1,0.03,-0.1,-0.1
196,İrfan Kahveci,FW,Türkiye,28,1995,0.1,0,0,0,,0.00,0.00,,,,0.00,0.00,0.00,0.0,0.0,,0.0,0.0
197,Otar Kakabadze,"DF,MF",Georgia,28,1995,4.0,0,1,0,0,0.25,0.00,0.00,,22.3,0.00,0.00,0.00,0.0,0.0,0.02,0.0,0.0
198,Harry Kane,FW,England,30,1993,6.7,3,17,5,29,2.55,0.75,0.12,0.4,15.9,0.00,1.00,1.00,2.8,2.1,0.12,0.2,-0.1
199,N'Golo Kanté,MF,France,32,1991,5.7,0,5,2,40,0.88,0.35,0.00,0.0,23.4,0.00,0.00,0.00,0.1,0.1,0.03,-0.1,-0.1
200,Žan Karničnik,DF,Slovenia,29,1994,4.3,1,3,1,33,0.69,0.23,0.33,1.0,21.3,0.00,0.00,0.00,0.5,0.5,0.18,0.5,0.5
201,Guram Kashia,DF,Georgia,36,1987,4.0,0,0,0,,0.00,0.00,,,,0.00,0.00,0.00,0.0,0.0,,0.0,0.0
202,Milos Kerkez,DF,Hungary,20,2003,2.6,0,0,0,,0.00,0.00,,,,0.00,0.00,0.00,0.0,0.0,,0.0,0.0
203,Semih Kılıçsoy,FW,Türkiye,18,2005,0.0,0,1,1,100,45.00,45.00,0.00,0.0,8.5,0.00,0.00,0.00,0.2,0.2,0.21,-0.2,-0.2
204,Joshua Kimmich,DF,Germany,28,1995,5.3,0,7,2,29,1.31,0.37,0.00,0.0,25.9,0.00,0.00,0.00,0.4,0.4,0.06,-0.4,-0.4
205,Otar Kiteishvili,MF,Georgia,27,1996,1.4,0,0,0,,0.00,0.00,,,,0.00,0.00,0.00,0.0,0.0,,0.0,0.0
206,Jakub Kiwior,DF,Poland,23,2000,3.0,0,2,2,100,0.67,0.67,0.00,0.0,14.0,0.00,0.00,0.00,0.1,0.1,0.07,-0.1,-0.1
207,László Kleinheisler,MF,Hungary,29,1994,0.6,0,0,0,,0.00,0.00,,,,0.00,0.00,0.00,0.0,0.0,,0.0,0.0
208,Giorgi Kochorashvili,MF,Georgia,24,1999,4.0,0,5,0,0,1.25,0.00,0.00,,25.7,0.00,0.00,0.00,0.3,0.3,0.07,-0.3,-0.3
209,Orkun Kökçü,MF,Türkiye,23,2000,2.5,0,6,2,33,2.44,0.81,0.00,0.0,26.2,0.00,0.00,0.00,1.0,1.0,0.16,-1.0,-1.0
210,Randal Kolo Muani,FW,France,25,1998,2.2,1,3,1,33,1.34,0.45,0.33,1.0,10.8,0.00,0.00,0.00,0.8,0.8,0.25,0.2,0.2
211,Yukhym Konoplia,DF,Ukraine,24,1999,0.8,0,0,0,,0.00,0.00,,,,0.00,0.00,0.00,0.0,0.0,,0.0,0.0
212,Ezri Konsa,DF,England,26,1997,1.0,0,0,0,,0.00,0.00,,,,0.00,0.00,0.00,0.0,0.0,,0.0,0.0
213,Filip Kostić,DF,Serbia,31,1992,0.5,0,0,0,,0.00,0.00,,,,0.00,0.00,0.00,0.0,0.0,,0.0,0.0
214,Jules Koundé,DF,France,25,1998,6.3,0,1,0,0,0.16,0.00,0.00,,14.9,0.00,0.00,0.00,0.2,0.2,0.15,-0.2,-0.2
215,Mateo Kovačić,MF,Croatia,29,1994,2.5,0,6,3,50,2.42,1.21,0.00,0.0,20.2,0.00,0.00,0.00,0.5,0.5,0.08,-0.5,-0.5
216,Matej Kovar,GK,Czechia,23,2000,0.4,0,0,0,,0.00,0.00,,,,0.00,0.00,0.00,0.0,0.0,,0.0,0.0
217,Andrej Kramarić,FW,Croatia,32,1991,2.7,1,4,2,50,1.48,0.74,0.25,0.5,16.3,0.00,0.00,0.00,0.7,0.7,0.19,0.3,0.3
218,Ladislav Krejčí,DF,Czechia,24,1999,3.0,0,5,1,20,1.67,0.33,0.00,0.0,15.3,0.00,0.00,0.00,0.3,0.3,0.07,-0.3,-0.3
219,Toni Kroos,MF,Germany,34,1990,5.2,0,3,1,33,0.58,0.19,0.00,0.0,26.0,1.00,0.00,0.00,0.2,0.2,0.06,-0.2,-0.2
220,Jan Kuchta,FW,Czechia,27,1997,1.1,0,0,0,,0.00,0.00,,,,0.00,0.00,0.00,0.0,0.0,,0.0,0.0
221,Juraj Kucka,MF,Slovakia,36,1987,3.9,0,8,2,25,2.06,0.51,0.00,0.0,17.8,1.00,0.00,0.00,0.4,0.4,0.05,-0.4,-0.4
222,Jasmin Kurtić,FW,Slovenia,35,1989,0.0,0,0,0,,0.00,0.00,,,,0.00,0.00,0.00,0.0,0.0,,0.0,0.0
223,Khvicha Kvaratskhelia,FW,Georgia,22,2001,3.8,1,6,2,33,1.58,0.53,0.17,0.5,24.2,0.00,0.00,0.00,1.0,1.0,0.17,0.0,0.0
224,Nika Kvekveskiri,MF,Georgia,31,1992,0.1,0,0,0,,0.00,0.00,,,,0.00,0.00,0.00,0.0,0.0,,0.0,0.0
225,Giorgi Kvilitaia,FW,Georgia,30,1993,0.0,0,0,0,,0.00,0.00,,,,0.00,0.00,0.00,0.0,0.0,,0.0,0.0
226,Saba Kvirkvelia,DF,Georgia,31,1992,2.0,0,0,0,,0.00,0.00,,,,0.00,0.00,0.00,0.0,0.0,,0.0,0.0
227,Qazim Laçi,"MF,FW",Albania,28,1996,1.8,1,1,1,100,0.55,0.55,1.00,1.0,8.0,0.00,0.00,0.00,0.3,0.3,0.34,0.7,0.7
228,Konrad Laimer,"MF,FW",Austria,26,1997,3.0,0,2,0,0,0.67,0.00,0.00,,13.4,0.00,0.00,0.00,0.5,0.5,0.26,-0.5,-0.5
229,Ádám Lang,DF,Hungary,31,1993,0.5,0,0,0,,0.00,0.00,,,,0.00,0.00,0.00,0.0,0.0,,0.0,0.0
230,Aymeric Laporte,DF,Spain,29,1994,5.8,0,5,1,20,0.86,0.17,0.00,0.0,17.3,0.00,0.00,0.00,0.2,0.2,0.05,-0.2,-0.2
231,Robin Le Normand,DF,Spain,27,1996,4.9,0,3,0,0,0.61,0.00,0.00,,8.2,0.00,0.00,0.00,0.3,0.3,0.11,-0.3,-0.3
232,Rafael Leão,FW,Portugal,24,1999,3.2,0,3,0,0,0.94,0.00,0.00,,13.5,0.00,0.00,0.00,0.2,0.2,0.07,-0.2,-0.2
233,Robert Lewandowski,FW,Poland,35,1988,1.3,1,4,0,0,2.98,0.00,0.00,,24.4,0.00,1.00,1.00,1.0,0.2,0.04,0.0,-0.2
234,Philipp Lienhart,DF,Austria,27,1996,2.4,0,2,0,0,0.84,0.00,0.00,,11.3,0.00,0.00,0.00,0.3,0.3,0.13,-0.3,-0.3
235,Ondřej Lingr,"MF,FW",Czechia,25,1998,0.9,0,5,1,20,5.42,1.08,0.00,0.0,10.9,0.00,0.00,0.00,0.5,0.5,0.09,-0.5,-0.5
236,Dominik Livaković,GK,Croatia,29,1995,3.0,0,0,0,,0.00,0.00,,,,0.00,0.00,0.00,0.0,0.0,,0.0,0.0
237,Stanislav Lobotka,MF,Slovakia,29,1994,4.3,0,1,1,100,0.23,0.23,0.00,0.0,31.1,0.00,0.00,0.00,0.0,0.0,0.03,0.0,0.0
238,Saba Lobzhanidze,FW,Georgia,29,1994,0.1,0,1,0,0,10.00,0.00,0.00,,13.9,0.00,0.00,0.00,0.2,0.2,0.18,-0.2,-0.2
239,Luka Lochoshvili,"DF,MF",Georgia,25,1998,1.9,0,1,0,0,0.53,0.00,0.00,,10.0,0.00,0.00,0.00,0.1,0.1,0.06,-0.1,-0.1
240,Fermin López,MF,Spain,20,2003,0.3,0,2,0,0,6.21,0.00,0.00,,26.8,0.00,0.00,0.00,0.1,0.1,0.03,-0.1,-0.1
241,Romelu Lukaku,FW,Belgium,30,1993,4.0,0,11,8,73,2.76,2.01,0.00,0.0,11.3,0.00,0.00,0.00,1.7,1.7,0.15,-1.7,-1.7
242,Dodi Lukebakio,"FW,DF",Belgium,26,1997,0.7,0,3,1,33,4.15,1.38,0.00,0.0,15.2,0.00,0.00,0.00,0.2,0.2,0.08,-0.2,-0.2
243,Saša Lukić,MF,Serbia,27,1996,2.3,0,1,0,0,0.43,0.00,0.00,,17.3,0.00,0.00,0.00,0.1,0.1,0.08,-0.1,-0.1
244,Andriy Lunin,GK,Ukraine,24,1999,1.0,0,0,0,,0.00,0.00,,,,0.00,0.00,0.00,0.0,0.0,,0.0,0.0
245,Mike Maignan,GK,France,28,1995,6.3,0,0,0,,0.00,0.00,,,,0.00,0.00,0.00,0.0,0.0,,0.0,0.0
246,Kobbie Mainoo,MF,England,18,2005,4.1,0,5,0,0,1.22,0.00,0.00,,20.2,0.00,0.00,0.00,0.3,0.3,0.06,-0.3,-0.3
247,Lovro Majer,"FW,MF",Croatia,26,1998,1.6,0,2,0,0,1.23,0.00,0.00,,9.6,0.00,0.00,0.00,0.2,0.2,0.09,-0.2,-0.2
248,Donyell Malen,FW,Netherlands,25,1999,2.1,2,6,2,33,2.84,0.95,0.33,1.0,11.5,0.00,0.00,0.00,1.9,1.9,0.31,0.1,0.1
249,Ruslan Malinovskyi,MF,Ukraine,30,1993,0.4,0,1,0,0,2.57,0.00,0.00,,24.1,0.00,0.00,0.00,0.1,0.1,0.07,-0.1,-0.1
250,Giorgi Mamardashvili,GK,Georgia,23,2000,4.0,0,0,0,,0.00,0.00,,,,0.00,0.00,0.00,0.0,0.0,,0.0,0.0
251,Dennis Man,MF,Romania,25,1998,3.0,0,6,3,50,2.03,1.02,0.00,0.0,20.4,0.00,0.00,0.00,0.3,0.3,0.05,-0.3,-0.3
252,Rey Manaj,FW,Albania,26,1997,1.7,0,3,1,33,1.73,0.58,0.00,0.0,10.4,0.00,0.00,0.00,0.4,0.4,0.12,-0.4,-0.4
253,Gianluca Mancini,DF,Italy,27,1996,1.0,0,0,0,,0.00,0.00,,,,0.00,0.00,0.00,0.0,0.0,,0.0,0.0
254,Orel Mangala,MF,Belgium,25,1998,1.5,0,0,0,,0.00,0.00,,,,0.00,0.00,0.00,0.0,0.0,,0.0,0.0
255,Marius Marin,MF,Romania,25,1998,3.4,0,0,0,,0.00,0.00,,,,0.00,0.00,0.00,0.0,0.0,,0.0,0.0
256,Răzvan Marin,MF,Romania,27,1996,3.9,2,5,2,40,1.27,0.51,0.20,0.5,31.9,1.00,1.00,1.00,0.9,0.1,0.03,1.1,0.9
257,Ádám Martin,"FW,DF",Hungary,29,1994,0.5,0,0,0,,0.00,0.00,,,,0.00,0.00,0.00,0.0,0.0,,0.0,0.0
258,Mykola Matviyenko,DF,Ukraine,27,1996,3.0,0,0,0,,0.00,0.00,,,,0.00,0.00,0.00,0.0,0.0,,0.0,0.0
259,Kylian Mbappé,FW,France,25,1998,5.2,1,23,8,35,4.46,1.55,0.00,0.0,17.4,1.00,1.00,1.00,2.9,2.1,0.09,-1.9,-2.1
260,John McGinn,"MF,FW",Scotland,29,1994,2.6,0,0,0,,0.00,0.00,,,,0.00,0.00,0.00,0.0,0.0,,0.0,0.0
261,Callum McGregor,MF,Scotland,30,1993,2.7,0,3,0,0,1.10,0.00,0.00,,20.2,0.00,0.00,0.00,0.1,0.1,0.05,-0.1,-0.1
262,Scott McKenna,DF,Scotland,27,1996,1.5,0,2,0,0,1.34,0.00,0.00,,14.2,0.00,0.00,0.00,0.0,0.0,0.02,0.0,0.0
263,Kenny McLean,MF,Scotland,32,1992,0.5,0,1,1,100,2.05,2.05,0.00,0.0,24.9,0.00,0.00,0.00,0.0,0.0,0.01,0.0,0.0
264,Scott McTominay,MF,Scotland,27,1996,3.0,1,4,1,25,1.33,0.33,0.25,1.0,14.2,0.00,0.00,0.00,0.3,0.3,0.07,0.7,0.7
265,Anzor Mekvabishvili,MF,Georgia,22,2001,2.1,0,2,1,50,0.96,0.48,0.00,0.0,25.6,0.00,0.00,0.00,0.1,0.1,0.06,-0.1,-0.1
266,Memphis,"FW,MF",Netherlands,29,1994,5.1,1,17,3,18,3.35,0.59,0.06,0.3,16.8,2.00,0.00,0.00,2.0,2.0,0.12,-1.0,-1.0
267,Nuno Mendes,DF,Portugal,21,2002,4.7,0,3,2,67,0.64,0.43,0.00,0.0,19.3,0.00,0.00,0.00,0.2,0.2,0.06,-0.2,-0.2
268,Mikel Merino,"MF,FW",Spain,27,1996,2.0,1,3,2,67,1.48,0.99,0.33,0.5,10.7,0.00,0.00,0.00,0.6,0.6,0.20,0.4,0.4
269,Valentin Mihaila,MF,Romania,23,2000,1.3,0,4,0,0,3.13,0.00,0.00,,21.5,0.00,0.00,0.00,0.1,0.1,0.03,-0.1,-0.1
270,Srđan Mijailović,DF,Serbia,30,1993,0.8,0,0,0,,0.00,0.00,,,,0.00,0.00,0.00,0.0,0.0,,0.0,0.0
271,Georges Mikautadze,FW,Georgia,23,2000,3.8,3,4,1,25,1.04,0.26,0.25,1.0,19.9,0.00,2.00,2.00,2.3,0.7,0.17,0.7,0.3
272,Nikola Milenković,DF,Serbia,26,1997,3.0,0,0,0,,0.00,0.00,,,,0.00,0.00,0.00,0.0,0.0,,0.0,0.0
273,Sergej Milinković-Savić,MF,Serbia,28,1995,1.3,0,3,1,33,2.23,0.74,0.00,0.0,19.1,0.00,0.00,0.00,0.2,0.2,0.08,-0.2,-0.2
274,Mario Mitaj,DF,Albania,20,2003,3.0,0,1,0,0,0.33,0.00,0.00,,22.2,0.00,0.00,0.00,0.0,0.0,0.04,0.0,0.0
275,Aleksandar Mitrović,FW,Serbia,29,1994,2.7,0,10,2,20,3.75,0.75,0.00,0.0,10.9,0.00,0.00,0.00,1.2,1.2,0.12,-1.2,-1.2
276,Maximilian Mittelstädt,DF,Germany,26,1997,3.4,0,5,0,0,1.48,0.00,0.00,,22.2,0.00,0.00,0.00,0.1,0.1,0.03,-0.1,-0.1
277,Filip Mladenović,DF,Serbia,32,1991,1.2,0,0,0,,0.00,0.00,,,,0.00,0.00,0.00,0.0,0.0,,0.0,0.0
278,Jan Mlakar,MF,Slovenia,25,1998,3.3,0,2,1,50,0.61,0.31,0.00,0.0,16.4,0.00,0.00,0.00,0.1,0.1,0.06,-0.1,-0.1
279,Jakub Moder,MF,Poland,24,1999,2.0,0,4,1,25,2.00,0.50,0.00,0.0,19.7,0.00,0.00,0.00,0.6,0.6,0.16,-0.6,-0.6
280,Luka Modrić,MF,Croatia,38,1985,2.6,1,4,1,25,1.55,0.39,0.25,1.0,24.1,0.00,0.00,1.00,1.0,0.1,0.02,0.0,0.9
281,Vasile Mogos,DF,Romania,31,1992,0.4,0,0,0,,0.00,0.00,,,,0.00,0.00,0.00,0.0,0.0,,0.0,0.0
282,Álvaro Morata,FW,Spain,31,1992,5.0,1,14,4,29,2.81,0.80,0.07,0.3,16.4,0.00,0.00,0.00,1.5,1.5,0.11,-0.5,-0.5
283,Lewis Morgan,DF,Scotland,27,1996,0.0,0,1,0,0,45.00,0.00,0.00,,16.5,0.00,0.00,0.00,0.0,0.0,0.04,0.0,0.0
284,Ernest Muçi,FW,Albania,22,2001,0.2,0,0,0,,0.00,0.00,,,,0.00,0.00,0.00,0.0,0.0,,0.0,0.0
285,Mykhailo Mudryk,"FW,MF",Ukraine,23,2001,1.9,0,6,2,33,3.10,1.03,0.00,0.0,19.4,0.00,0.00,0.00,0.4,0.4,0.07,-0.4,-0.4
286,Mert Müldür,"DF,MF",Türkiye,24,1999,3.8,1,3,2,67,0.78,0.52,0.33,0.5,17.4,0.00,0.00,0.00,0.6,0.6,0.18,0.4,0.4
287,Thomas Müller,"MF,FW",Germany,34,1989,0.6,0,1,0,0,1.55,0.00,0.00,,7.7,0.00,0.00,0.00,0.4,0.4,0.37,-0.4,-0.4
288,Jamal Musiala,FW,Germany,20,2003,4.7,3,10,4,40,2.15,0.86,0.30,0.8,18.6,0.00,0.00,0.00,1.0,1.0,0.10,2.0,2.0
289,Phillipp Mwene,DF,Austria,30,1994,2.2,0,0,0,,0.00,0.00,,,,0.00,0.00,0.00,0.0,0.0,,0.0,0.0
290,Vitaliy Mykolenko,DF,Ukraine,24,1999,0.6,0,0,0,,0.00,0.00,,,,0.00,0.00,0.00,0.0,0.0,,0.0,0.0
291,Joakim Mæhle,"DF,MF",Denmark,26,1997,3.1,0,1,0,0,0.32,0.00,0.00,,11.2,0.00,0.00,0.00,0.1,0.1,0.12,-0.1,-0.1
292,Nacho,DF,Spain,34,1990,2.9,0,0,0,,0.00,0.00,,,,0.00,0.00,0.00,0.0,0.0,,0.0,0.0
293,Ádám Nagy,MF,Hungary,28,1995,1.8,0,1,0,0,0.57,0.00,0.00,,30.2,0.00,0.00,0.00,0.0,0.0,0.02,0.0,0.0
294,Zsolt Nagy,DF,Hungary,30,1993,0.2,0,0,0,,0.00,0.00,,,,0.00,0.00,0.00,0.0,0.0,,0.0,0.0
295,Jesús Navas,DF,Spain,38,1985,1.7,0,0,0,,0.00,0.00,,,,0.00,0.00,0.00,0.0,0.0,,0.0,0.0
296,Dan Ndoye,"MF,DF",Switzerland,23,2000,4.5,1,14,2,14,3.10,0.44,0.07,0.5,16.1,0.00,0.00,0.00,1.6,1.6,0.11,-0.6,-0.6
297,Pedro Neto,"DF,FW",Portugal,23,2000,1.3,0,0,0,,0.00,0.00,,,,0.00,0.00,0.00,0.0,0.0,,0.0,0.0
298,Manuel Neuer,GK,Germany,37,1986,5.3,0,0,0,,0.00,0.00,,,,0.00,0.00,0.00,0.0,0.0,,0.0,0.0
299,João Neves,MF,Portugal,19,2004,0.9,0,1,0,0,1.17,0.00,0.00,,21.4,0.00,0.00,0.00,0.1,0.1,0.05,-0.1,-0.1
300,Rúben Neves,MF,Portugal,26,1997,1.4,0,2,0,0,1.44,0.00,0.00,,30.8,0.00,0.00,0.00,0.1,0.1,0.03,-0.1,-0.1
301,Florin Niță,GK,Romania,36,1987,4.0,0,0,0,,0.00,0.00,,,,0.00,0.00,0.00,0.0,0.0,,0.0,0.0
302,Matheus Nunes,MF,Portugal,25,1998,0.2,0,1,0,0,5.00,0.00,0.00,,9.5,0.00,0.00,0.00,0.3,0.3,0.25,-0.3,-0.3
303,Christian Nørgaard,MF,Denmark,29,1994,0.4,0,0,0,,0.00,0.00,,,,0.00,0.00,0.00,0.0,0.0,,0.0,0.0
304,Adam Obert,DF,Slovakia,21,2002,0.3,0,0,0,,0.00,0.00,,,,0.00,0.00,0.00,0.0,0.0,,0.0,0.0
305,Jan Oblak,GK,Slovenia,31,1993,4.3,0,0,0,,0.00,0.00,,,,0.00,0.00,0.00,0.0,0.0,,0.0,0.0
306,Darius Olaru,MF,Romania,25,1998,0.3,0,0,0,,0.00,0.00,,,,0.00,0.00,0.00,0.0,0.0,,0.0,0.0
307,Dani Olmo,"MF,FW",Spain,25,1998,4.8,3,17,6,35,3.54,1.25,0.18,0.5,21.0,0.00,0.00,0.00,1.7,1.7,0.10,1.3,1.3
308,Amadou Onana,MF,Belgium,22,2001,4.0,0,3,1,33,0.75,0.25,0.00,0.0,16.8,0.00,0.00,0.00,0.1,0.1,0.04,-0.1,-0.1
309,Loïs Openda,FW,Belgium,23,2000,0.8,0,0,0,,0.00,0.00,,,,0.00,0.00,0.00,0.0,0.0,,0.0,0.0
310,Willi Orban,DF,Hungary,31,1992,3.0,0,3,1,33,1.00,0.33,0.00,0.0,7.8,0.00,0.00,0.00,0.6,0.6,0.20,-0.6,-0.6
311,Mikel Oyarzabal,FW,Spain,26,1997,2.2,1,6,3,50,2.69,1.34,0.17,0.3,18.3,0.00,0.00,0.00,1.0,1.0,0.17,0.0,0.0
312,Salih Özcan,MF,Türkiye,26,1998,1.7,0,1,0,0,0.58,0.00,0.00,,30.4,0.00,0.00,0.00,0.0,0.0,0.03,0.0,0.0
313,João Palhinha,MF,Portugal,28,1995,3.3,0,5,2,40,1.51,0.60,0.00,0.0,21.0,0.00,0.00,0.00,0.2,0.2,0.03,-0.2,-0.2
314,Cole Palmer,"MF,FW",England,21,2002,1.7,1,3,2,67,1.81,1.21,0.33,0.5,19.1,0.00,0.00,0.00,0.2,0.2,0.06,0.8,0.8
315,Mario Pašalić,"FW,MF",Croatia,28,1995,1.3,0,3,0,0,2.33,0.00,0.00,,7.0,0.00,0.00,0.00,0.4,0.4,0.12,-0.4,-0.4
316,Strahinja Pavlović,DF,Serbia,22,2001,3.0,0,0,0,,0.00,0.00,,,,0.00,0.00,0.00,0.0,0.0,,0.0,0.0
317,Pedri,MF,Spain,21,2002,2.1,0,6,4,67,2.90,1.94,0.00,0.0,16.1,0.00,0.00,0.00,1.1,1.1,0.18,-1.1,-1.1
318,Peter Pekarík,DF,Slovakia,37,1986,4.2,0,3,0,0,0.72,0.00,0.00,,17.8,0.00,0.00,0.00,0.7,0.7,0.23,-0.7,-0.7
319,Lorenzo Pellegrini,"FW,MF",Italy,27,1996,2.4,0,7,1,14,2.89,0.41,0.00,0.0,17.5,1.00,0.00,0.00,0.5,0.5,0.08,-0.5,-0.5
320,Patrick Pentz,GK,Austria,27,1997,4.0,0,0,0,,0.00,0.00,,,,0.00,0.00,0.00,0.0,0.0,,0.0,0.0
321,Pepe,DF,Portugal,40,1983,4.5,0,1,0,0,0.22,0.00,0.00,,10.9,0.00,0.00,0.00,0.0,0.0,0.03,0.0,0.0
322,Danilo Pereira,DF,Portugal,32,1991,1.0,0,1,0,0,1.00,0.00,0.00,,4.1,0.00,0.00,0.00,0.1,0.1,0.12,-0.1,-0.1
323,Ayoze Pérez,FW,Spain,30,1993,0.1,0,3,2,67,20.77,13.85,0.00,0.0,12.5,0.00,0.00,0.00,0.3,0.3,0.10,-0.3,-0.3
324,Ivan Perišić,"DF,FW",Croatia,34,1989,1.5,0,4,2,50,2.59,1.29,0.00,0.0,23.3,0.00,0.00,0.00,0.1,0.1,0.03,-0.1,-0.1
325,Bruno Petković,FW,Croatia,29,1994,1.0,0,3,0,0,3.10,0.00,0.00,,14.2,0.00,0.00,1.00,1.1,0.3,0.10,-1.1,-0.3
326,Krzysztof Piątek,FW,Poland,28,1995,0.7,1,2,1,50,3.05,1.53,0.50,1.0,16.9,0.00,0.00,0.00,0.5,0.5,0.27,0.5,0.5
327,Jordan Pickford,GK,England,29,1994,7.7,0,0,0,,0.00,0.00,,,,0.00,0.00,0.00,0.0,0.0,,0.0,0.0
328,Jakub Piotrowski,MF,Poland,26,1997,0.6,0,2,0,0,3.10,0.00,0.00,,7.9,0.00,0.00,0.00,0.2,0.2,0.08,-0.2,-0.2
329,Marin Pongračić,DF,Croatia,26,1997,2.0,0,0,0,,0.00,0.00,,,,0.00,0.00,0.00,0.0,0.0,,0.0,0.0
330,Ryan Porteous,DF,Scotland,24,1999,0.5,0,0,0,,0.00,0.00,,,,0.00,0.00,0.00,0.0,0.0,,0.0,0.0
331,Stefan Posch,DF,Austria,26,1997,4.0,0,7,3,43,1.75,0.75,0.00,0.0,21.5,0.00,0.00,0.00,0.3,0.3,0.04,-0.3,-0.3
332,Yussuf Poulsen,"FW,MF",Denmark,29,1994,0.6,0,0,0,,0.00,0.00,,,,0.00,0.00,0.00,0.0,0.0,,0.0,0.0
333,Alexander Prass,DF,Austria,22,2001,1.8,0,0,0,,0.00,0.00,,,,0.00,0.00,0.00,0.0,0.0,,0.0,0.0
334,Lukáš Provod,MF,Czechia,27,1996,2.6,1,3,3,100,1.16,1.16,0.33,0.3,25.7,0.00,0.00,0.00,0.1,0.1,0.04,0.9,0.9
335,George Pușcaș,FW,Romania,27,1996,0.4,0,0,0,,0.00,0.00,,,,0.00,0.00,0.00,0.0,0.0,,0.0,0.0
336,Leopold Querfeld,DF,Austria,20,2003,0.3,0,0,0,,0.00,0.00,,,,0.00,0.00,0.00,0.0,0.0,,0.0,0.0
337,Adrien Rabiot,MF,France,28,1995,4.1,0,3,0,0,0.73,0.00,0.00,,19.9,0.00,0.00,0.00,0.3,0.3,0.10,-0.3,-0.3
338,Bogdan Racovitan,DF,Romania,23,2000,0.6,0,0,0,,0.00,0.00,,,,0.00,0.00,0.00,0.0,0.0,,0.0,0.0
339,Predrag Rajković,GK,Serbia,28,1995,3.0,0,0,0,,0.00,0.00,,,,0.00,0.00,0.00,0.0,0.0,,0.0,0.0
340,Anthony Ralston,DF,Scotland,25,1998,2.9,0,0,0,,0.00,0.00,,,,0.00,0.00,0.00,0.0,0.0,,0.0,0.0
341,Ylber Ramadani,MF,Albania,27,1996,2.9,0,0,0,,0.00,0.00,,,,0.00,0.00,0.00,0.0,0.0,,0.0,0.0
342,Gonçalo Ramos,FW,Portugal,22,2001,0.3,0,1,0,0,3.60,0.00,0.00,,5.5,0.00,0.00,0.00,0.1,0.1,0.07,-0.1,-0.1
343,Giacomo Raspadori,FW,Italy,23,2000,0.9,0,1,0,0,1.08,0.00,0.00,,29.3,1.00,0.00,0.00,0.1,0.1,0.08,-0.1,-0.1
344,Andrei Ratiu,DF,Romania,25,1998,4.0,0,3,3,100,0.75,0.75,0.00,0.0,18.9,0.00,0.00,0.00,0.1,0.1,0.04,-0.1,-0.1
345,David Raum,DF,Germany,25,1998,1.8,0,1,0,0,0.54,0.00,0.00,,27.5,0.00,0.00,0.00,0.0,0.0,0.03,0.0,0.0
346,David Raya,GK,Spain,28,1995,1.0,0,0,0,,0.00,0.00,,,,0.00,0.00,0.00,0.0,0.0,,0.0,0.0
347,Tijjani Reijnders,MF,Netherlands,25,1998,5.5,0,10,0,0,1.81,0.00,0.00,,21.3,0.00,0.00,0.00,0.7,0.7,0.07,-0.7,-0.7
348,Mateo Retegui,FW,Italy,24,1999,1.7,0,4,1,25,2.37,0.59,0.00,0.0,15.3,0.00,0.00,0.00,0.2,0.2,0.06,-0.2,-0.2
349,Declan Rice,MF,England,25,1999,7.7,0,9,3,33,1.17,0.39,0.00,0.0,20.2,0.00,0.00,0.00,0.4,0.4,0.04,-0.4,-0.4
350,Fabian Rieder,MF,Switzerland,21,2002,2.4,0,1,1,100,0.41,0.41,0.00,0.0,28.1,1.00,0.00,0.00,0.0,0.0,0.03,0.0,0.0
351,Andrew Robertson,DF,Scotland,29,1994,3.0,0,0,0,,0.00,0.00,,,,0.00,0.00,0.00,0.0,0.0,,0.0,0.0
352,Rodri,MF,Spain,27,1996,5.8,1,5,1,20,0.87,0.17,0.20,1.0,24.2,0.00,0.00,0.00,0.3,0.3,0.07,0.7,0.7
353,Ricardo Rodríguez,DF,Switzerland,31,1992,5.3,0,3,0,0,0.56,0.00,0.00,,27.2,0.00,0.00,0.00,0.1,0.1,0.02,-0.1,-0.1
354,Taras Romanchuk,MF,Poland,32,1991,0.6,0,0,0,,0.00,0.00,,,,0.00,0.00,0.00,0.0,0.0,,0.0,0.0
355,Cristiano Ronaldo,FW,Portugal,38,1985,5.4,0,22,9,41,4.08,1.67,0.00,0.0,17.3,7.00,0.00,1.00,3.6,2.8,0.13,-3.6,-2.8
356,Antonio Rüdiger,DF,Germany,30,1993,5.3,0,4,1,25,0.75,0.19,0.00,0.0,21.5,0.00,0.00,0.00,0.2,0.2,0.05,-0.2,-0.2
357,Fabián Ruiz Peña,MF,Spain,27,1996,6.0,2,17,6,35,2.83,1.00,0.12,0.3,21.2,0.00,0.00,0.00,1.7,1.7,0.10,0.3,0.3
358,Adrian Rus,MF,Romania,27,1996,0.2,0,0,0,,0.00,0.00,,,,0.00,0.00,0.00,0.0,0.0,,0.0,0.0
359,Marcel Sabitzer,"FW,MF",Austria,29,1994,4.0,1,12,3,25,3.00,0.75,0.08,0.3,20.7,2.00,0.00,0.00,0.9,0.9,0.07,0.1,0.1
360,Bukayo Saka,"FW,DF",England,22,2001,7.0,1,8,1,13,1.14,0.14,0.13,1.0,18.2,0.00,0.00,0.00,0.4,0.4,0.05,0.6,0.6
361,Bartosz Salamon,DF,Poland,32,1991,0.9,0,1,0,0,1.06,0.00,0.00,,62.6,0.00,0.00,0.00,0.0,0.0,0.01,0.0,0.0
362,William Saliba,DF,France,22,2001,6.3,0,2,0,0,0.32,0.00,0.00,,15.6,0.00,0.00,0.00,0.1,0.1,0.05,-0.1,-0.1
363,Roland Sallai,MF,Hungary,26,1997,3.0,0,8,2,25,2.71,0.68,0.00,0.0,17.6,0.00,0.00,0.00,0.6,0.6,0.08,-0.6,-0.6
364,Lazar Samardzic,MF,Serbia,21,2002,0.6,0,1,0,0,1.67,0.00,0.00,,20.5,0.00,0.00,0.00,0.1,0.1,0.08,-0.1,-0.1
365,Leroy Sané,FW,Germany,28,1996,2.3,0,7,3,43,3.03,1.30,0.00,0.0,21.7,1.00,0.00,0.00,0.4,0.4,0.06,-0.4,-0.4
366,Leo Sauer,FW,Slovakia,18,2005,0.1,0,0,0,,0.00,0.00,,,,0.00,0.00,0.00,0.0,0.0,,0.0,0.0
367,Gianluca Scamacca,FW,Italy,25,1999,2.8,0,6,1,17,2.15,0.36,0.00,0.0,18.0,0.00,0.00,0.00,0.6,0.6,0.10,-0.6,-0.6
368,András Schäfer,MF,Hungary,24,1999,3.0,0,2,1,50,0.67,0.33,0.00,0.0,21.5,0.00,0.00,0.00,0.1,0.1,0.04,-0.1,-0.1
369,Fabian Schär,DF,Switzerland,32,1991,5.3,0,5,0,0,0.94,0.00,0.00,,17.6,0.00,0.00,0.00,0.2,0.2,0.05,-0.2,-0.2
370,Patrik Schick,FW,Czechia,28,1996,1.4,1,7,4,57,4.96,2.83,0.14,0.3,11.4,0.00,0.00,0.00,1.5,1.5,0.21,-0.5,-0.5
371,Nico Schlotterbeck,DF,Germany,24,1999,1.3,0,2,1,50,1.50,0.75,0.00,0.0,9.8,0.00,0.00,0.00,0.1,0.1,0.03,-0.1,-0.1
372,Kasper Schmeichel,GK,Denmark,37,1986,4.0,0,0,0,,0.00,0.00,,,,0.00,0.00,0.00,0.0,0.0,,0.0,0.0
373,Romano Schmid,"FW,MF",Austria,24,2000,1.6,1,1,1,100,0.62,0.62,1.00,1.0,10.1,0.00,0.00,0.00,0.1,0.1,0.13,0.9,0.9
374,Jerdy Schouten,MF,Netherlands,27,1997,5.6,0,1,0,0,0.18,0.00,0.00,,14.3,0.00,0.00,0.00,0.1,0.1,0.05,-0.1,-0.1
375,Ivan Schranz,FW,Slovakia,30,1993,3.7,3,5,4,80,1.36,1.09,0.60,0.8,10.3,0.00,0.00,0.00,1.0,1.0,0.21,2.0,2.0
376,Taulant Seferi,FW,Albania,27,1996,1.0,0,1,1,100,0.96,0.96,0.00,0.0,29.5,0.00,0.00,0.00,0.0,0.0,0.02,0.0,0.0
377,Nicolas Seiwald,MF,Austria,22,2001,4.0,0,1,1,100,0.25,0.25,0.00,0.0,28.0,0.00,0.00,0.00,0.0,0.0,0.04,0.0,0.0
378,Nélson Semedo,DF,Portugal,30,1993,1.1,0,2,1,50,1.80,0.90,0.00,0.0,17.4,0.00,0.00,0.00,0.2,0.2,0.10,-0.2,-0.2
379,Benjamin Šeško,FW,Slovenia,20,2003,4.0,0,8,4,50,2.01,1.01,0.00,0.0,22.4,0.00,0.00,0.00,0.9,0.9,0.11,-0.9,-0.9
380,Petr Ševčík,MF,Czechia,29,1994,0.2,0,1,0,0,4.09,0.00,0.00,,16.8,0.00,0.00,0.00,0.1,0.1,0.12,-0.1,-0.1
381,Stephan El Shaarawy,FW,Italy,31,1992,0.5,0,0,0,,0.00,0.00,,,,0.00,0.00,0.00,0.0,0.0,,0.0,0.0
382,Lawrence Shankland,FW,Scotland,28,1995,0.3,0,0,0,,0.00,0.00,,,,0.00,0.00,0.00,0.0,0.0,,0.0,0.0
383,Mykola Shaparenko,MF,Ukraine,25,1998,2.4,1,1,1,100,0.41,0.41,1.00,1.0,11.9,0.00,0.00,0.00,0.2,0.2,0.22,0.8,0.8
384,Xherdan Shaqiri,"MF,FW",Switzerland,32,1991,0.8,1,1,1,100,1.27,1.27,1.00,1.0,23.4,0.00,0.00,0.00,0.1,0.1,0.07,0.9,0.9
385,Luke Shaw,DF,England,28,1995,2.0,0,0,0,,0.00,0.00,,,,0.00,0.00,0.00,0.0,0.0,,0.0,0.0
386,Vincent Sierro,MF,Switzerland,28,1995,0.4,0,1,0,0,2.37,0.00,0.00,,31.0,0.00,0.00,0.00,0.0,0.0,0.01,0.0,0.0
387,António Silva,DF,Portugal,20,2003,0.8,0,1,0,0,1.23,0.00,0.00,,3.6,0.00,0.00,0.00,0.1,0.1,0.12,-0.1,-0.1
388,Bernardo Silva,"FW,MF",Portugal,29,1994,4.7,1,7,2,29,1.50,0.43,0.14,0.5,14.5,0.00,0.00,0.00,0.7,0.7,0.10,0.3,0.3
389,Unai Simón,GK,Spain,26,1997,6.3,0,0,0,,0.00,0.00,,,,0.00,0.00,0.00,0.0,0.0,,0.0,0.0
390,Xavi Simons,"MF,FW",Netherlands,20,2003,5.0,1,10,4,40,1.98,0.79,0.10,0.3,24.3,0.00,0.00,0.00,0.6,0.6,0.06,0.4,0.4
391,Michał Skóraś,DF,Poland,23,2000,0.3,0,0,0,,0.00,0.00,,,,0.00,0.00,0.00,0.0,0.0,,0.0,0.0
392,Łukasz Skorupski,GK,Poland,32,1991,1.0,0,0,0,,0.00,0.00,,,,0.00,0.00,0.00,0.0,0.0,,0.0,0.0
393,Andreas Skov Olsen,"MF,FW",Denmark,24,1999,1.4,0,1,0,0,0.74,0.00,0.00,,17.6,0.00,0.00,0.00,0.0,0.0,0.03,0.0,0.0
394,Milan Škriniar,DF,Slovakia,28,1995,4.3,0,3,0,0,0.69,0.00,0.00,,17.4,0.00,0.00,0.00,0.3,0.3,0.09,-0.3,-0.3
395,Bartosz Slisz,MF,Poland,24,1999,1.2,0,0,0,,0.00,0.00,,,,0.00,0.00,0.00,0.0,0.0,,0.0,0.0
396,Yann Sommer,GK,Switzerland,35,1988,5.3,0,0,0,,0.00,0.00,,,,0.00,0.00,0.00,0.0,0.0,,0.0,0.0
397,Deian Sorescu,"MF,DF",Romania,26,1997,0.4,0,0,0,,0.00,0.00,,,,0.00,0.00,0.00,0.0,0.0,,0.0,0.0
398,Borna Sosa,DF,Croatia,26,1998,0.1,0,0,0,,0.00,0.00,,,,0.00,0.00,0.00,0.0,0.0,,0.0,0.0
399,Tomáš Souček,MF,Czechia,28,1995,3.0,1,2,1,50,0.67,0.33,0.50,1.0,13.8,0.00,0.00,0.00,0.6,0.6,0.28,0.4,0.4
400,Andraž Šporar,FW,Slovenia,29,1994,3.8,0,7,1,14,1.86,0.27,0.00,0.0,14.5,0.00,0.00,0.00,1.0,1.0,0.14,-1.0,-1.0
401,Nicolae Stanciu,"MF,FW",Romania,30,1993,3.9,1,4,2,50,1.02,0.51,0.25,0.5,25.9,1.00,0.00,0.00,0.2,0.2,0.05,0.8,0.8
402,Jindřich Staněk,GK,Czechia,27,1996,2.6,0,0,0,,0.00,0.00,,,,0.00,0.00,0.00,0.0,0.0,,0.0,0.0
403,Josip Stanišić,DF,Croatia,23,2000,2.0,0,1,0,0,0.50,0.00,0.00,,8.7,0.00,0.00,0.00,0.2,0.2,0.19,-0.2,-0.2
404,Renato Steffen,DF,Switzerland,32,1991,0.0,0,0,0,,0.00,0.00,,,,0.00,0.00,0.00,0.0,0.0,,0.0,0.0
405,Taras Stepanenko,MF,Ukraine,34,1989,0.9,0,1,0,0,1.10,0.00,0.00,,9.3,0.00,0.00,0.00,0.1,0.1,0.07,-0.1,-0.1
406,Leonidas Stergiou,DF,Switzerland,21,2002,0.5,0,0,0,,0.00,0.00,,,,0.00,0.00,0.00,0.0,0.0,,0.0,0.0
407,Petar Stojanović,MF,Slovenia,28,1995,3.5,0,1,0,0,0.28,0.00,0.00,,28.4,0.00,0.00,0.00,0.0,0.0,0.03,0.0,0.0
408,John Stones,DF,England,29,1994,7.7,0,1,0,0,0.13,0.00,0.00,,10.2,0.00,0.00,0.00,0.1,0.1,0.05,-0.1,-0.1
409,Thomas Strakosha,GK,Albania,28,1995,3.0,0,0,0,,0.00,0.00,,,,0.00,0.00,0.00,0.0,0.0,,0.0,0.0
410,Dávid Strelec,FW,Slovakia,22,2001,2.0,0,7,1,14,3.46,0.49,0.00,0.0,21.0,0.00,0.00,0.00,0.7,0.7,0.10,-0.7,-0.7
411,Callum Styles,MF,Hungary,23,2000,0.7,0,0,0,,0.00,0.00,,,,0.00,0.00,0.00,0.0,0.0,,0.0,0.0
412,Luka Sučić,"FW,MF",Croatia,21,2002,1.6,0,3,2,67,1.93,1.29,0.00,0.0,18.0,0.00,0.00,0.00,0.6,0.6,0.19,-0.6,-0.6
413,Heorhiy Sudakov,MF,Ukraine,21,2002,2.9,0,9,4,44,3.09,1.37,0.00,0.0,23.9,2.00,0.00,0.00,0.5,0.5,0.05,-0.5,-0.5
414,Pavel Šulc,MF,Czechia,23,2000,0.9,0,1,0,0,1.15,0.00,0.00,,17.7,0.00,0.00,0.00,0.1,0.1,0.09,-0.1,-0.1
415,Tomáš Suslov,"FW,MF",Slovakia,21,2002,1.4,0,0,0,,0.00,0.00,,,,0.00,0.00,0.00,0.0,0.0,,0.0,0.0
416,Josip Šutalo,DF,Croatia,23,2000,3.0,0,1,0,0,0.33,0.00,0.00,,1.4,0.00,0.00,0.00,0.6,0.6,0.61,-0.6,-0.6
417,Oleksandr Svatok,DF,Ukraine,29,1994,0.9,0,0,0,,0.00,0.00,,,,0.00,0.00,0.00,0.0,0.0,,0.0,0.0
418,Karol Świderski,FW,Poland,27,1997,1.0,0,2,2,100,2.00,2.00,0.00,0.0,15.0,0.00,0.00,0.00,0.3,0.3,0.15,-0.3,-0.3
419,Serhiy Sydorchuk,MF,Ukraine,32,1991,0.1,0,0,0,,0.00,0.00,,,,0.00,0.00,0.00,0.0,0.0,,0.0,0.0
420,Attila Szalai,DF,Hungary,26,1998,1.1,0,1,0,0,0.95,0.00,0.00,,12.6,0.00,0.00,0.00,0.1,0.1,0.09,-0.1,-0.1
421,Wojciech Szczęsny,GK,Poland,33,1990,2.0,0,0,0,,0.00,0.00,,,,0.00,0.00,0.00,0.0,0.0,,0.0,0.0
422,Dominik Szoboszlai,MF,Hungary,23,2000,3.0,0,6,2,33,2.00,0.67,0.00,0.0,22.1,2.00,0.00,0.00,0.3,0.3,0.05,-0.3,-0.3
423,Sebastian Szymański,MF,Poland,24,1999,1.2,0,1,0,0,0.80,0.00,0.00,,17.8,0.00,0.00,0.00,0.0,0.0,0.03,0.0,0.0
424,Dušan Tadić,MF,Serbia,35,1988,1.7,0,0,0,,0.00,0.00,,,,0.00,0.00,0.00,0.0,0.0,,0.0,0.0
425,Jonathan Tah,DF,Germany,27,1996,3.5,0,1,0,0,0.28,0.00,0.00,,11.9,0.00,0.00,0.00,0.0,0.0,0.04,0.0,0.0
426,Maksym Talovierov,MF,Ukraine,23,2000,0.0,0,0,0,,0.00,0.00,,,,0.00,0.00,0.00,0.0,0.0,,0.0,0.0
427,Aurélien Tchouaméni,MF,France,24,2000,5.2,0,12,2,17,2.30,0.38,0.00,0.0,25.2,0.00,0.00,0.00,0.4,0.4,0.03,-0.4,-0.4
428,Arthur Theate,DF,Belgium,23,2000,2.8,0,2,0,0,0.70,0.00,0.00,,30.6,0.00,0.00,0.00,0.0,0.0,0.01,0.0,0.0
429,Marcus Thuram,FW,France,26,1997,2.9,0,12,2,17,4.15,0.69,0.00,0.0,13.8,0.00,0.00,0.00,0.7,0.7,0.06,-0.7,-0.7
430,Youri Tielemans,MF,Belgium,26,1997,1.6,1,4,1,25,2.43,0.61,0.25,1.0,24.2,0.00,0.00,0.00,0.1,0.1,0.03,0.9,0.9
431,Kieran Tierney,DF,Scotland,26,1997,1.5,0,0,0,,0.00,0.00,,,,0.00,0.00,0.00,0.0,0.0,,0.0,0.0
432,Ivan Toney,FW,England,27,1996,0.5,0,1,0,0,2.00,0.00,0.00,,21.9,0.00,0.00,0.00,0.1,0.1,0.11,-0.1,-0.1
433,Ferrán Torres,"FW,MF",Spain,23,2000,1.7,1,5,1,20,2.90,0.58,0.20,1.0,13.8,0.00,0.00,0.00,0.6,0.6,0.13,0.4,0.4
434,Cenk Tosun,FW,Türkiye,32,1991,0.3,1,3,1,33,10.80,3.60,0.33,1.0,12.7,0.00,0.00,0.00,0.3,0.3,0.11,0.7,0.7
435,Gernot Trauner,DF,Austria,31,1992,1.0,1,1,1,100,1.00,1.00,1.00,1.0,5.9,0.00,0.00,0.00,0.1,0.1,0.08,0.9,0.9
436,Kieran Trippier,DF,England,33,1990,5.0,0,1,0,0,0.20,0.00,0.00,,17.8,0.00,0.00,0.00,0.1,0.1,0.09,-0.1,-0.1
437,Leandro Trossard,FW,Belgium,29,1994,1.9,0,4,1,25,2.13,0.53,0.00,0.0,22.8,0.00,0.00,0.00,0.2,0.2,0.06,-0.2,-0.2
438,Anatolii Trubin,GK,Ukraine,22,2001,2.0,0,0,0,,0.00,0.00,,,,0.00,0.00,0.00,0.0,0.0,,0.0,0.0
439,Heorhii Tsitaishvili,"DF,MF",Georgia,23,2000,2.1,0,3,2,67,1.42,0.95,0.00,0.0,15.1,0.00,0.00,0.00,0.2,0.2,0.06,-0.2,-0.2
440,Viktor Tsyhankov,FW,Ukraine,26,1997,0.7,0,2,0,0,2.90,0.00,0.00,,20.9,0.00,0.00,0.00,0.1,0.1,0.06,-0.1,-0.1
441,Ľubomír Tupta,MF,Slovakia,25,1998,0.1,0,1,0,0,7.50,0.00,0.00,,30.8,1.00,0.00,0.00,0.0,0.0,0.05,0.0,0.0
442,Oleksandr Tymchyk,DF,Ukraine,27,1997,2.2,0,0,0,,0.00,0.00,,,,0.00,0.00,0.00,0.0,0.0,,0.0,0.0
443,Deniz Undav,MF,Germany,27,1996,0.1,0,0,0,,0.00,0.00,,,,0.00,0.00,0.00,0.0,0.0,,0.0,0.0
444,Dayot Upamecano,DF,France,25,1998,6.3,0,3,0,0,0.47,0.00,0.00,,8.1,0.00,0.00,0.00,0.3,0.3,0.09,-0.3,-0.3
445,Kacper Urbanski,"FW,MF",Poland,19,2004,1.6,0,2,1,50,1.22,0.61,0.00,0.0,21.5,0.00,0.00,0.00,0.1,0.1,0.07,-0.1,-0.1
446,Virgil van Dijk,DF,Netherlands,32,1991,6.0,0,5,1,20,0.83,0.17,0.00,0.0,11.3,0.00,0.00,0.00,0.5,0.5,0.09,-0.5,-0.5
447,Vladyslav Vanat,FW,Ukraine,22,2002,0.2,0,0,0,,0.00,0.00,,,,0.00,0.00,0.00,0.0,0.0,,0.0,0.0
448,Barnabás Varga,FW,Hungary,30,1994,2.8,1,4,2,50,1.45,0.72,0.25,0.5,6.2,0.00,0.00,0.00,1.2,1.2,0.31,-0.2,-0.2
449,Ruben Vargas,"MF,FW",Switzerland,25,1998,3.4,1,5,4,80,1.47,1.18,0.20,0.3,16.1,0.00,0.00,0.00,0.7,0.7,0.14,0.3,0.3
450,Denis Vavro,DF,Slovakia,27,1996,4.3,0,3,0,0,0.69,0.00,0.00,,25.7,0.00,0.00,0.00,0.0,0.0,0.02,0.0,0.0
451,Joey Veerman,MF,Netherlands,25,1998,2.3,0,2,0,0,0.86,0.00,0.00,,17.8,0.00,0.00,0.00,0.2,0.2,0.08,-0.2,-0.2
452,Miloš Veljković,DF,Serbia,28,1995,3.0,0,0,0,,0.00,0.00,,,,0.00,0.00,0.00,0.0,0.0,,0.0,0.0
453,Micky van de Ven,DF,Netherlands,22,2001,0.8,0,0,0,,0.00,0.00,,,,0.00,0.00,0.00,0.0,0.0,,0.0,0.0
454,Benjamin Verbič,MF,Slovenia,30,1993,0.8,0,1,0,0,1.22,0.00,0.00,,26.2,0.00,0.00,0.00,0.0,0.0,0.02,0.0,0.0
455,Bart Verbruggen,GK,Netherlands,21,2002,6.0,0,0,0,,0.00,0.00,,,,0.00,0.00,0.00,0.0,0.0,,0.0,0.0
456,Jan Vertonghen,DF,Belgium,36,1987,3.0,0,1,0,0,0.33,0.00,0.00,,11.6,0.00,0.00,0.00,0.1,0.1,0.08,-0.1,-0.1
457,Jannik Vestergaard,DF,Denmark,31,1992,4.0,0,4,2,50,1.00,0.50,0.00,0.0,10.7,0.00,0.00,0.00,0.3,0.3,0.07,-0.3,-0.3
458,Žan Vipotnik,FW,Slovenia,21,2002,0.2,0,0,0,,0.00,0.00,,,,0.00,0.00,0.00,0.0,0.0,,0.0,0.0
459,Vitinha,MF,Portugal,23,2000,4.0,0,8,3,38,2.01,0.75,0.00,0.0,22.4,0.00,0.00,0.00,0.6,0.6,0.08,-0.6,-0.6
460,Daniel Vivian,DF,Spain,24,1999,1.4,0,1,0,0,0.73,0.00,0.00,,12.0,0.00,0.00,0.00,0.0,0.0,0.04,0.0,0.0
461,Dušan Vlahović,"MF,FW",Serbia,24,2000,2.0,0,6,2,33,3.05,1.02,0.00,0.0,21.1,1.00,0.00,0.00,0.2,0.2,0.04,-0.2,-0.2
462,Stefan de Vrij,DF,Netherlands,31,1992,6.0,1,4,1,25,0.67,0.17,0.25,1.0,9.5,0.00,0.00,0.00,0.3,0.3,0.08,0.7,0.7
463,Kyle Walker,DF,England,33,1990,7.7,0,0,0,,0.00,0.00,,,,0.00,0.00,0.00,0.0,0.0,,0.0,0.0
464,Ollie Watkins,FW,England,28,1995,0.7,1,3,2,67,4.35,2.90,0.33,0.5,16.8,0.00,0.00,0.00,0.3,0.3,0.10,0.7,0.7
465,Wout Weghorst,FW,Netherlands,31,1992,1.5,1,4,2,50,2.61,1.30,0.25,0.5,9.5,0.00,0.00,0.00,0.6,0.6,0.16,0.4,0.4
466,Andreas Weimann,FW,Austria,32,1991,0.0,0,0,0,,0.00,0.00,,,,0.00,0.00,0.00,0.0,0.0,,0.0,0.0
467,Silvan Widmer,DF,Switzerland,30,1993,3.3,0,2,0,0,0.60,0.00,0.00,,12.7,0.00,0.00,0.00,0.3,0.3,0.15,-0.3,-0.3
468,Georginio Wijnaldum,MF,Netherlands,33,1990,0.8,0,0,0,,0.00,0.00,,,,0.00,0.00,0.00,0.0,0.0,,0.0,0.0
469,Nico Williams,FW,Spain,21,2002,5.5,2,11,3,27,2.01,0.55,0.18,0.7,16.1,0.00,0.00,0.00,1.0,1.0,0.09,1.0,1.0
470,Patrick Wimmer,"FW,MF",Austria,22,2001,1.5,0,3,2,67,1.96,1.30,0.00,0.0,18.7,0.00,0.00,0.00,0.2,0.2,0.06,-0.2,-0.2
471,Jonas Wind,FW,Denmark,24,1999,2.1,0,5,1,20,2.33,0.47,0.00,0.0,12.5,0.00,0.00,0.00,0.5,0.5,0.09,-0.5,-0.5
472,Florian Wirtz,"FW,MF",Germany,20,2003,3.1,2,8,3,38,2.58,0.97,0.25,0.7,20.3,0.00,0.00,0.00,0.6,0.6,0.08,1.4,1.4
473,Maximilian Wöber,DF,Austria,25,1998,1.9,0,0,0,,0.00,0.00,,,,0.00,0.00,0.00,0.0,0.0,,0.0,0.0
474,Granit Xhaka,MF,Switzerland,31,1992,5.3,0,4,3,75,0.75,0.56,0.00,0.0,18.2,0.00,0.00,0.00,0.2,0.2,0.05,-0.2,-0.2
475,Lamine Yamal,FW,Spain,16,2007,5.6,1,18,7,39,3.22,1.25,0.06,0.1,20.6,3.00,0.00,0.00,1.8,1.8,0.10,-0.8,-0.8
476,Roman Yaremchuk,FW,Ukraine,28,1995,1.3,1,6,2,33,4.46,1.49,0.17,0.5,15.6,0.00,0.00,0.00,0.4,0.4,0.07,0.6,0.6
477,Andriy Yarmolenko,"FW,MF",Ukraine,34,1989,1.2,0,4,0,0,3.46,0.00,0.00,,15.7,0.00,0.00,0.00,0.5,0.5,0.12,-0.5,-0.5
478,Yusuf Yazıcı,"MF,FW",Türkiye,27,1997,0.6,0,3,2,67,4.74,3.16,0.00,0.0,21.1,0.00,0.00,0.00,0.2,0.2,0.06,-0.2,-0.2
479,Kenan Yıldız,"FW,MF",Türkiye,18,2005,3.8,0,11,3,27,2.87,0.78,0.00,0.0,18.3,0.00,0.00,0.00,0.7,0.7,0.07,-0.7,-0.7
480,Okay Yokuşlu,"MF,DF",Türkiye,29,1994,0.6,0,1,0,0,1.64,0.00,0.00,,26.4,0.00,0.00,0.00,0.0,0.0,0.05,0.0,0.0
481,İsmail Yüksek,MF,Türkiye,25,1999,1.7,0,1,0,0,0.59,0.00,0.00,,22.4,0.00,0.00,0.00,0.1,0.1,0.06,-0.1,-0.1
482,Illia Zabarnyi,DF,Ukraine,21,2002,3.0,0,0,0,,0.00,0.00,,,,0.00,0.00,0.00,0.0,0.0,,0.0,0.0
483,Mattia Zaccagni,"MF,FW",Italy,28,1995,0.9,1,2,1,50,2.20,1.10,0.50,1.0,14.7,0.00,0.00,0.00,0.2,0.2,0.11,0.8,0.8
484,Denis Zakaria,MF,Switzerland,27,1996,0.3,0,0,0,,0.00,0.00,,,,0.00,0.00,0.00,0.0,0.0,,0.0,0.0
485,Nicola Zalewski,DF,Poland,22,2002,2.7,0,2,1,50,0.73,0.36,0.00,0.0,22.2,0.00,0.00,0.00,0.1,0.1,0.06,-0.1,-0.1
486,Piotr Zieliński,MF,Poland,29,1994,2.8,0,8,3,38,2.85,1.07,0.00,0.0,25.3,2.00,0.00,0.00,0.5,0.5,0.06,-0.5,-0.5
487,Oleksandr Zinchenko,DF,Ukraine,27,1996,2.4,0,1,1,100,0.42,0.42,0.00,0.0,24.4,1.00,0.00,0.00,0.0,0.0,0.04,0.0,0.0
488,Joshua Zirkzee,"FW,DF",Netherlands,22,2001,0.1,0,0,0,,0.00,0.00,,,,0.00,0.00,0.00,0.0,0.0,,0.0,0.0
489,Andrija Živković,DF,Serbia,27,1996,2.7,0,0,0,,0.00,0.00,,,,0.00,0.00,0.00,0.0,0.0,,0.0,0.0
490,Budu Zivzivadze,"FW,MF",Georgia,29,1994,0.2,0,1,0,0,5.00,0.00,0.00,,6.8,0.00,0.00,0.00,0.1,0.1,0.09,-0.1,-0.1
491,Steven Zuber,MF,Switzerland,32,1991,0.9,0,2,0,0,2.34,0.00,0.00,,11.9,0.00,0.00,0.00,0.2,0.2,0.10,-0.2,-0.2
492,Martín Zubimendi,MF,Spain,24,1999,1.6,0,0,0,,0.00,0.00,,,,0.00,0.00,0.00,0.0,0.0,,0.0,0.0
493,Oleksandr Zubkov,FW,Ukraine,27,1996,0.3,0,0,0,,0.00,0.00,,,,0.00,0.00,0.00,0.0,0.0,,0.0,0.0
