Rk,Player,Pos,Squad,Age,Born,MP,Min,Mn/MP,Min%,90s,Starts,Mn/Start,Compl,Subs,Mn/Sub,unSub,PPM,onG,onGA,+/-,+/-90,On-Off,onxG,onxGA,xG+/-,xG+/-90,On-Off1
1,Amir Abrashi,MF,Albania,33,1990,0,,,,,0,,0,0,,3,,,,,,,,,,,
2,Che Adams,FW,Scotland,27,1996,3,209,70,77.4,2.3,3,70,0,0,,0,0.33,1,4,-3,-1.29,1.66,0.70,2.80,-2.00,-0.88,1.23
3,Michel Aebischer,DF,Switzerland,27,1997,5,476,95,99.2,5.3,5,95,3,0,,0,1.80,8,4,4,0.76,0.76,6.50,4.90,1.60,0.30,-5.09
4,Arlind Ajeti,DF,Albania,30,1993,3,270,90,100.0,3.0,3,90,3,0,,0,0.33,3,5,-2,-0.67,,2.40,5.70,-3.20,-1.07,
5,Manuel Akanji,DF,Switzerland,28,1995,5,480,96,100.0,5.3,5,96,5,0,,0,1.80,8,4,4,0.75,,6.70,4.90,1.80,0.37,0.37
6,Samet Akaydın,DF,Türkiye,29,1994,4,335,84,74.4,3.7,4,84,2,0,,0,1.50,6,7,-1,-0.27,-1.05,5.70,5.60,0.20,0.04,1.45
7,Nathan Aké,DF,Netherlands,28,1995,6,470,78,87.0,5.2,6,78,2,0,,0,1.67,6,6,0,0.00,-3.86,6.60,5.20,1.30,0.25,-0.06
8,Yunus Akgün,FW,Türkiye,23,2000,1,69,69,15.3,0.8,1,69,0,0,,4,0.00,0,3,-3,-3.91,-4.62,0.70,1.60,-0.90,-1.23,-1.07
9,Kerem Aktürkoğlu,"FW,MF",Türkiye,25,1998,5,105,21,23.3,1.2,1,57,0,4,12,0,1.80,2,3,-1,-0.86,-1.12,2.80,3.00,-0.20,-0.21,0.15
10,Trent Alexander-Arnold,"MF,DF",England,25,1998,4,134,34,19.4,1.5,2,61,0,2,7,3,1.50,2,1,1,0.67,0.51,0.90,0.60,0.30,0.19,0.43
11,Denis Alibec,FW,Romania,33,1991,2,29,15,8.1,0.3,0,,0,2,15,2,0.00,0,2,-2,-6.21,-6.21,0.40,1.40,-1.00,-3.14,-2.70
12,Naser Aliji,"DF,MF",Albania,30,1993,0,,,,,0,,0,0,,3,,,,,,,,,,,
13,Barış Alper Yılmaz,FW,Türkiye,23,2000,5,450,90,100.0,5.0,5,90,5,0,,0,1.80,8,8,0,0.00,,7.30,8.90,-1.60,-0.32,
14,Sandro Altunashvili,MF,Georgia,26,1997,2,52,26,14.4,0.6,0,,0,2,26,2,0.00,0,4,-4,-6.92,-7.22,0.40,3.00,-2.60,-4.51,-3.24
15,Zeki Amdouni,"MF,FW",Switzerland,23,2000,4,57,14,11.9,0.6,0,,0,4,14,1,1.50,1,1,0,0.00,-0.85,1.40,0.90,0.50,0.85,0.58
16,Joachim Andersen,DF,Denmark,27,1996,4,360,90,100.0,4.0,4,90,4,0,,0,0.75,2,4,-2,-0.50,,4.30,4.80,-0.50,-0.12,
17,Robert Andrich,MF,Germany,29,1994,5,318,64,66.3,3.5,4,61,0,1,75,0,2.00,7,3,4,1.13,-0.53,6.60,3.50,3.10,0.98,-0.06
18,Waldemar Anton,DF,Germany,27,1996,2,33,17,6.9,0.4,0,,0,2,17,3,1.50,0,1,-1,-2.73,-4.34,1.00,0.90,0.00,0.55,-0.45
19,Alphonse Areola,GK,France,30,1993,0,,,,,0,,0,0,,6,,,,,,,,,,,
20,Stuart Armstrong,MF,Scotland,31,1992,1,15,15,5.6,0.2,0,,0,1,15,2,0.00,0,1,-1,-6.00,-4.59,0.10,0.80,-0.70,-3.96,-2.96
21,Marko Arnautović,FW,Austria,34,1989,4,279,70,77.5,3.1,3,82,1,1,32,0,1.50,6,5,1,0.32,0.32,5.80,5.00,0.80,0.25,0.38
22,Jasir Asani,FW,Albania,28,1995,3,210,70,77.8,2.3,3,70,0,0,,0,0.33,2,3,-1,-0.43,1.07,1.40,4.30,-2.80,-1.22,-0.64
23,Kristjan Asllani,MF,Albania,21,2002,3,270,90,100.0,3.0,3,90,3,0,,0,0.33,3,5,-2,-0.67,,2.40,5.70,-3.20,-1.07,
24,Kaan Ayhan,"MF,DF",Türkiye,29,1994,5,358,72,79.6,4.0,4,78,1,1,45,0,1.80,7,8,-1,-0.25,-1.23,5.80,7.70,-1.90,-0.47,-0.74
25,Srđan Babić,DF,Serbia,27,1996,0,,,,,0,,0,0,,3,,,,,,,,,,,
26,Alex Baena,"MF,FW",Spain,22,2001,2,27,14,4.1,0.3,0,,0,2,14,5,3.00,0,0,0,0.00,-1.56,0.40,0.20,0.20,0.52,-0.33
27,Alexander Bah,"DF,MF",Denmark,26,1997,4,281,70,78.1,3.1,3,82,1,1,34,0,0.75,1,3,-2,-0.64,-0.64,3.90,3.50,0.40,0.12,1.09
28,Nedim Bajrami,"FW,MF",Albania,24,1999,3,245,82,90.7,2.7,3,82,1,0,,0,0.33,3,5,-2,-0.73,-0.73,1.90,5.40,-3.50,-1.28,-2.20
29,Johan Bakayoko,"FW,DF",Belgium,20,2003,2,48,24,13.3,0.5,0,,0,2,24,2,0.50,0,0,0,0.00,0.00,1.10,0.60,0.50,0.98,0.81
30,Jure Balkovec,DF,Slovenia,29,1994,2,121,61,31.0,1.3,1,120,1,1,1,2,1.00,0,0,0,0.00,0.00,0.60,2.00,-1.40,-1.41,-0.98
31,Iván Balliu,DF,Albania,32,1992,1,90,90,33.3,1.0,1,90,1,0,,2,0.00,0,1,-1,-1.00,-0.50,0.50,1.50,-1.00,-1.02,0.07
32,Botond Balogh,DF,Hungary,21,2002,0,,,,,0,,0,0,,3,,,,,,,,,,,
33,Nicușor Bancu,DF,Romania,31,1992,3,270,90,75.0,3.0,3,90,3,0,,0,1.33,4,3,1,0.33,3.33,3.20,3.30,-0.10,-0.04,2.48
34,Antonín Barák,MF,Czechia,29,1994,3,41,14,15.2,0.5,1,19,0,2,11,0,0.33,0,1,-1,-2.20,-1.80,0.50,1.00,-0.40,-0.96,-1.42
35,Bradley Barcola,"FW,MF",France,21,2002,3,103,34,18.1,1.1,1,60,0,2,22,3,0.67,1,0,1,0.87,0.87,2.60,0.50,2.10,2.14,1.82
36,Abdülkerim Bardakcı,DF,Türkiye,29,1994,4,360,90,80.0,4.0,4,90,4,0,,0,1.50,6,7,-1,-0.25,-1.25,5.90,7.30,-1.40,-0.35,-0.11
37,Nicolò Barella,MF,Italy,26,1997,4,332,83,92.2,3.7,4,83,2,0,,0,1.00,3,5,-2,-0.54,-0.54,2.70,4.50,-1.80,-0.48,-1.75
38,Alessandro Bastoni,DF,Italy,24,1999,4,360,90,100.0,4.0,4,90,4,0,,0,1.00,3,5,-2,-0.50,,3.30,4.70,-1.40,-0.35,
39,Martin Baturina,FW,Croatia,20,2003,1,7,7,2.6,0.1,0,,0,1,7,2,1.00,0,1,-1,-12.86,-12.17,0.20,0.50,-0.20,-3.18,-3.72
40,Oliver Baumann,GK,Germany,33,1990,0,,,,,0,,0,0,,5,,,,,,,,,,,
41,Christoph Baumgartner,"MF,FW",Austria,24,1999,4,289,72,80.3,3.2,3,87,2,1,29,0,1.50,5,5,0,0.00,-1.27,5.70,4.40,1.30,0.40,1.19
42,Altay Bayındır,GK,Türkiye,25,1998,1,90,90,20.0,1.0,1,90,1,0,,4,0.00,0,3,-3,-3.00,-3.75,0.70,1.90,-1.10,-1.15,-1.03
43,Jan Bednarek,DF,Poland,27,1996,3,270,90,100.0,3.0,3,90,3,0,,0,0.33,3,6,-3,-1.00,,4.10,5.90,-1.80,-0.60,
44,Maximilian Beier,FW,Germany,21,2002,1,26,26,5.4,0.3,0,,0,1,26,4,1.00,1,0,1,3.46,2.27,0.80,0.10,0.70,2.41,1.49
45,Vid Belec,GK,Slovenia,33,1990,0,,,,,0,,0,0,,4,,,,,,,,,,,
46,Raoul Bellanova,"DF,MF",Italy,23,2000,0,,,,,0,,0,0,,4,,,,,,,,,,,
47,Jude Bellingham,"MF,FW",England,20,2003,7,670,96,97.1,7.4,7,96,5,0,,0,1.71,8,6,2,0.27,0.27,5.90,6.90,-1.00,-0.13,0.28
48,László Bénes,MF,Slovakia,26,1997,2,71,36,18.2,0.8,0,,0,2,36,2,0.00,0,3,-3,-3.80,-4.37,1.20,0.90,0.30,0.68,1.11
49,Bartosz Bereszyński,DF,Poland,31,1992,1,5,5,1.9,0.1,0,,0,1,5,2,0.00,0,0,0,0.00,1.02,0.40,0.00,0.40,6.74,7.47
50,Steven Bergwijn,FW,Netherlands,26,1997,2,90,45,16.7,1.0,2,45,0,0,,4,3.00,1,1,0,0.00,-0.60,0.90,0.80,0.10,0.10,-0.19
51,Etrit Berisha,GK,Albania,34,1989,0,,,,,0,,0,0,,3,,,,,,,,,,,
52,Medon Berisha,MF,Albania,20,2003,1,21,21,7.8,0.2,0,,0,1,21,2,0.00,0,0,0,0.00,0.72,0.20,0.20,0.00,-0.01,1.15
53,Victor Bernth Kristiansen,"DF,MF",Denmark,21,2002,4,156,39,43.3,1.7,2,67,0,2,12,0,0.75,2,2,0,0.00,0.88,2.00,2.00,0.10,0.03,0.27
54,Matúš Bero,"MF,DF",Slovakia,28,1995,2,41,21,10.5,0.5,0,,0,2,21,2,0.50,0,2,-2,-4.39,-4.65,1.00,0.50,0.50,3.69,4.12
55,Justin Bijlow,GK,Netherlands,26,1998,0,,,,,0,,0,0,,6,,,,,,,,,,,
56,Jaka Bijol,DF,Slovenia,24,1999,4,390,98,100.0,4.3,4,98,4,0,,0,1.00,2,2,0,0.00,,3.20,6.10,-2.90,-0.71,-0.71
57,Daniel Birligea,FW,Romania,23,2000,0,,,,,0,,0,0,,4,,,,,,,,,,,
58,Veljko Birmančević,DF,Serbia,25,1998,2,26,13,9.6,0.3,0,,0,2,13,1,0.50,1,0,1,3.46,4.20,0.40,0.20,0.20,0.79,1.05
59,Miha Blažič,DF,Slovenia,30,1993,0,,,,,0,,0,0,,4,,,,,,,,,,,
60,Daley Blind,FW,Netherlands,33,1990,1,1,1,0.2,0.0,0,,0,1,1,5,3.00,1,0,1,90.00,89.67,0.40,0.00,0.40,33.34,33.14
61,Bendegúz Bolla,DF,Hungary,24,1999,3,204,68,75.6,2.3,2,80,0,1,45,0,1.00,1,3,-2,-0.88,0.48,2.20,2.20,0.00,0.00,0.30
62,Valerii Bondar,DF,Ukraine,24,1999,0,,,,,0,,0,0,,3,,,,,,,,,,,
63,Endre Botka,DF,Hungary,29,1994,1,90,90,33.3,1.0,1,90,1,0,,2,3.00,1,0,1,1.00,3.00,1.20,0.20,1.10,1.05,1.69
64,Jarrod Bowen,FW,England,27,1996,2,37,19,5.4,0.4,0,,0,2,19,5,2.00,0,0,0,0.00,-0.28,0.40,0.60,-0.20,-0.51,-0.37
65,Róbert Boženík,FW,Slovakia,24,1999,4,208,52,53.3,2.3,2,64,0,2,40,0,1.00,2,3,-1,-0.43,-0.43,2.00,3.60,-1.50,-0.77,-0.84
66,Volodymyr Brazhko,MF,Ukraine,22,2002,3,182,61,67.4,2.0,2,77,0,1,29,0,1.33,2,1,1,0.49,3.56,2.20,1.40,0.90,0.43,1.09
67,David Brekalo,MF,Slovenia,25,1998,2,2,1,0.5,0.0,0,,0,2,1,2,1.00,0,1,-1,-45.00,-45.23,0.00,0.20,-0.20,-10.78,-10.18
68,Brian Brobbey,FW,Netherlands,21,2002,1,1,1,0.2,0.0,0,,0,1,1,4,0.00,0,0,0,0.00,-0.50,0.00,0.00,0.00,0.00,-0.26
69,Armando Broja,FW,Albania,22,2001,2,108,54,40.0,1.2,1,76,0,1,32,1,0.00,1,2,-1,-0.83,-0.28,0.70,1.80,-1.10,-0.92,0.26
70,Marcelo Brozović,MF,Croatia,31,1992,3,225,75,83.3,2.5,3,75,2,0,,0,0.67,1,5,-4,-1.60,-3.60,3.30,3.80,-0.50,-0.19,-3.78
71,Jacob Bruun Larsen,FW,Denmark,25,1998,1,10,10,2.8,0.1,0,,0,1,10,3,0.00,0,0,0,0.00,0.51,0.10,0.40,-0.30,-2.49,-2.44
72,Ante Budimir,FW,Croatia,32,1991,3,122,41,45.2,1.4,1,55,0,2,34,0,0.67,3,5,-2,-1.48,-0.87,3.30,2.80,0.50,0.37,-0.13
73,Adam Buksa,FW,Poland,27,1996,2,149,75,55.2,1.7,2,75,1,0,,1,0.00,2,3,-1,-0.60,0.88,2.40,2.10,0.30,0.18,1.73
74,Alessandro Buongiorno,DF,Italy,24,1999,0,,,,,0,,0,0,,4,,,,,,,,,,,
75,Andrei Burcă,DF,Romania,30,1993,4,360,90,100.0,4.0,4,90,4,0,,0,1.00,4,6,-2,-0.50,,3.50,6.10,-2.60,-0.66,
76,Heorhiy Bushchan,GK,Ukraine,29,1994,0,,,,,0,,0,0,,3,,,,,,,,,,,
77,Marcin Bułka,GK,Poland,24,1999,0,,,,,0,,0,0,,3,,,,,,,,,,,
78,Uğurcan Çakır,GK,Türkiye,27,1996,0,,,0.0,0.0,0,,0,0,,4,3.00,2,1,1,,,,,,,
79,Riccardo Calafiori,DF,Italy,21,2002,3,270,90,75.0,3.0,3,90,3,0,,0,1.33,3,3,0,0.00,2.00,2.60,3.50,-0.90,-0.29,0.24
80,Hakan Çalhanoğlu,MF,Türkiye,29,1994,4,355,89,78.9,3.9,4,89,2,0,,0,1.50,4,7,-3,-0.76,-3.60,5.30,5.60,-0.30,-0.08,1.16
81,Eduardo Camavinga,MF,France,21,2002,4,169,42,29.6,1.9,1,90,0,3,26,2,1.25,0,1,-1,-0.53,-0.98,1.60,1.90,-0.30,-0.18,-1.11
82,Andrea Cambiaso,"FW,DF",Italy,23,2000,3,76,25,21.1,0.8,0,,0,3,25,1,1.00,0,1,-1,-1.18,-0.87,0.20,1.40,-1.20,-1.46,-1.40
83,Emre Can,MF,Germany,30,1994,4,102,26,21.3,1.1,1,45,0,3,19,1,2.25,2,1,1,0.88,-0.55,1.60,0.80,0.80,0.69,-0.39
84,João Cancelo,"DF,MF",Portugal,29,1994,4,345,86,67.6,3.8,4,86,0,0,,1,2.00,4,1,3,0.78,1.33,5.50,2.30,3.20,0.83,-0.17
85,Yannick Carrasco,"DF,FW",Belgium,30,1993,4,218,55,60.6,2.4,2,85,0,2,24,0,1.00,1,2,-1,-0.41,-1.05,2.60,2.50,0.10,0.05,-0.57
86,Dani Carvajal,DF,Spain,32,1992,5,469,94,71.1,5.2,5,94,3,0,,1,3.00,11,3,8,1.54,0.12,10.10,5.20,4.90,0.95,0.39
87,Timothy Castagne,DF,Belgium,28,1995,4,357,89,99.2,4.0,4,89,3,0,,0,1.00,2,2,0,0.00,0.00,4.40,3.40,1.10,0.27,-0.25
88,Koen Casteels,GK,Belgium,31,1992,4,360,90,100.0,4.0,4,90,4,0,,0,1.00,2,2,0,0.00,,4.50,3.40,1.10,0.28,
89,Žan Celar,"FW,MF",Slovenia,24,1999,3,67,22,17.2,0.7,0,,0,3,22,1,1.00,1,0,1,1.34,1.62,0.80,1.30,-0.60,-1.41,-0.83
90,Zeki Çelik,"DF,MF",Türkiye,26,1997,3,105,35,23.3,1.2,1,90,1,2,8,2,1.00,1,3,-2,-1.71,-2.24,2.30,2.10,0.10,0.12,0.58
91,Václav Černý,MF,Czechia,26,1997,1,54,54,20.0,0.6,1,54,0,0,,2,1.00,0,1,-1,-1.67,-1.25,1.70,0.80,0.90,1.45,1.52
92,Lukáš Červ,MF,Czechia,22,2001,0,,,0.0,0.0,0,,0,0,,2,0.00,1,2,-1,,,,,,,
93,Giorgi Chakvetadze,"MF,FW",Georgia,24,1999,4,244,61,67.8,2.7,3,72,0,1,29,0,1.00,4,4,0,0.00,2.33,3.00,5.20,-2.20,-0.81,2.87
94,Federico Chiesa,"FW,MF",Italy,26,1997,4,263,66,73.1,2.9,3,76,1,1,34,0,1.00,3,4,-1,-0.34,0.59,2.70,3.00,-0.30,-0.11,0.90
95,Tomáš Chorý,MF,Czechia,29,1995,2,36,18,13.3,0.4,0,,0,2,18,1,0.00,1,1,0,0.00,0.77,1.00,0.60,0.40,1.02,0.90
96,Andreas Christensen,DF,Denmark,27,1996,4,350,88,97.2,3.9,4,88,3,0,,0,0.75,2,4,-2,-0.51,-0.51,4.20,4.40,-0.20,-0.05,2.44
97,Ryan Christie,"MF,FW",Scotland,28,1995,3,99,33,36.7,1.1,1,90,1,2,5,0,0.33,0,5,-5,-4.55,-4.55,0.20,2.80,-2.60,-2.59,-2.14
98,Mojmir Chytil,FW,Czechia,24,1999,3,107,36,39.6,1.2,1,54,0,2,27,0,0.33,1,3,-2,-1.68,-1.68,1.20,1.80,-0.60,-0.50,-1.23
99,Alexandru Cicâldău,MF,Romania,26,1997,1,19,19,5.3,0.2,0,,0,1,19,3,0.00,0,2,-2,-9.47,-9.47,0.00,1.10,-1.10,-5.32,-4.92
100,Zander Clark,GK,Scotland,31,1992,0,,,,,0,,0,0,,3,,,,,,,,,,,
101,Jonathan Clauss,"DF,FW",France,31,1992,0,,,,,0,,0,0,,6,,,,,,,,,,,
102,Florinel Coman,MF,Romania,25,1998,2,118,59,32.8,1.3,2,59,0,0,,1,2.00,4,1,3,2.29,4.15,2.20,1.00,1.20,0.91,2.34
103,Kingsley Coman,MF,France,27,1996,1,16,16,2.8,0.2,0,,0,1,16,5,1.00,0,0,0,0.00,-0.16,0.00,0.00,0.00,0.08,-0.53
104,Francisco Conceição,"FW,MF",Portugal,21,2002,4,182,46,35.7,2.0,1,90,1,3,31,1,1.25,1,2,-1,-0.49,-1.32,5.00,2.50,2.50,1.83,1.25
105,Tommy Conway,FW,Scotland,21,2002,0,,,,,0,,0,0,,3,,,,,,,,,,,
106,Liam Cooper,DF,Scotland,32,1991,0,,,,,0,,0,0,,3,,,,,,,,,,,
107,Diogo Costa,GK,Portugal,24,1999,5,510,102,100.0,5.7,5,102,5,0,,0,1.60,5,3,2,0.35,,9.50,4.50,5.00,1.00,1.00
108,Vladimír Coufal,"DF,FW",Czechia,31,1992,3,270,90,100.0,3.0,3,90,3,0,,0,0.33,3,5,-2,-0.67,,5.10,4.30,0.70,0.24,
109,Bryan Cristante,MF,Italy,28,1995,3,133,44,36.9,1.5,1,74,0,2,30,1,1.00,0,3,-3,-2.03,-2.43,0.80,2.40,-1.70,-1.12,-1.23
110,Kevin Csoboth,DF,Hungary,23,2000,2,9,5,3.3,0.1,0,,0,2,5,1,1.50,1,0,1,10.00,11.38,1.10,0.20,0.80,8.32,8.68
111,Marc Cucurella,DF,Spain,25,1998,6,545,91,82.6,6.1,6,91,5,0,,1,3.00,12,4,8,1.32,-1.03,10.00,6.20,3.90,0.68,-0.73
112,Mirlind Daku,FW,Albania,26,1998,1,6,6,2.2,0.1,0,,0,1,6,1,1.00,1,0,1,15.00,16.02,0.50,0.20,0.20,3.71,4.89
113,Diogo Dalot,"DF,MF",Portugal,24,1999,2,152,76,29.8,1.7,2,76,1,0,,3,1.50,0,3,-3,-1.78,-3.03,3.00,1.80,1.20,0.70,-0.26
114,Mikkel Damsgaard,FW,Denmark,23,2000,1,34,34,9.4,0.4,0,,0,1,34,3,1.00,0,0,0,0.00,0.55,0.50,0.20,0.30,0.85,1.07
115,Flavius Daniliuc,DF,Austria,22,2001,0,,,,,0,,0,0,,4,,,,,,,,,,,
116,Kevin Danso,DF,Austria,25,1998,3,212,71,58.9,2.4,2,90,2,1,32,1,1.00,3,3,0,0.00,-0.61,5.30,3.40,1.90,0.81,1.56
117,Márton Dárdai,DF,Hungary,21,2002,3,175,58,64.8,1.9,2,82,1,1,12,0,1.00,0,3,-3,-1.54,-1.54,1.60,2.10,-0.50,-0.28,-0.59
118,Matteo Darmian,DF,Italy,34,1989,3,161,54,44.7,1.8,2,77,0,1,8,1,1.33,0,3,-3,-1.68,-2.13,1.40,2.30,-0.90,-0.50,-0.28
119,Zuriko Davitashvili,"FW,MF",Georgia,22,2001,4,115,29,31.9,1.3,1,61,0,3,18,0,1.00,1,4,-3,-2.35,-2.35,1.40,6.10,-4.70,-3.71,-2.90
120,Paweł Dawidowicz,DF,Poland,28,1995,2,180,90,66.7,2.0,2,90,2,0,,1,0.50,2,4,-2,-1.00,0.00,2.80,4.40,-1.70,-0.83,-0.71
121,Kevin De Bruyne,MF,Belgium,32,1991,4,360,90,100.0,4.0,4,90,4,0,,0,1.00,2,2,0,0.00,,4.50,3.40,1.10,0.28,
122,Maxim De Cuyper,"DF,MF",Belgium,23,2000,0,,,,,0,,0,0,,4,,,,,,,,,,,
123,Charles De Ketelaere,FW,Belgium,22,2001,1,3,3,0.8,0.0,0,,0,1,3,3,0.00,0,0,0,0.00,0.00,0.00,0.00,0.00,0.52,0.25
124,Vernon De Marco Morlacchi,DF,Slovakia,31,1992,0,,,,,0,,0,0,,4,,,,,,,,,,,
125,Zeno Debast,DF,Belgium,20,2003,2,104,52,28.9,1.2,1,90,1,1,14,2,1.50,1,1,0,0.00,0.00,2.20,0.90,1.20,1.07,1.12
126,Thomas Delaney,MF,Denmark,32,1991,3,84,28,23.3,0.9,1,68,0,2,8,0,0.67,0,2,-2,-2.14,-2.14,0.90,2.40,-1.40,-1.55,-1.87
127,Ousmane Dembélé,"FW,MF",France,26,1997,5,361,72,63.3,4.0,4,77,0,1,54,1,1.20,3,3,0,0.00,-0.43,7.20,4.00,3.20,0.88,0.67
128,Merih Demiral,DF,Türkiye,25,1998,4,208,52,46.2,2.3,2,90,2,2,14,0,2.25,5,2,3,1.30,2.41,3.20,5.20,-1.90,-0.84,-0.96
129,Giovanni Di Lorenzo,"DF,FW",Italy,30,1993,4,360,90,100.0,4.0,4,90,4,0,,0,1.00,3,5,-2,-0.50,,3.30,4.70,-1.40,-0.35,
130,Rúben Dias,DF,Portugal,26,1997,4,420,105,82.4,4.7,4,105,4,0,,1,2.00,5,1,4,0.86,2.86,7.50,2.80,4.70,1.17,0.96
131,Dénes Dibusz,GK,Hungary,33,1990,0,,,,,0,,0,0,,3,,,,,,,,,,,
132,Federico Dimarco,"DF,FW",Italy,26,1997,3,228,76,63.3,2.5,3,76,1,0,,1,1.33,2,3,-1,-0.39,0.29,2.10,3.20,-1.10,-0.43,-0.21
133,Berat Djimsiti,DF,Albania,30,1993,3,270,90,100.0,3.0,3,90,3,0,,0,0.33,3,5,-2,-0.67,,2.40,5.70,-3.20,-1.07,
134,Jeremy Doku,"FW,MF",Belgium,21,2002,4,320,80,88.9,3.6,4,80,1,0,,0,1.00,1,2,-1,-0.28,-2.53,3.70,2.50,1.10,0.31,0.32
135,Kasper Dolberg,FW,Denmark,26,1997,2,40,20,11.1,0.4,0,,0,2,20,2,1.00,0,0,0,0.00,0.56,0.10,0.20,-0.10,-0.20,-0.10
136,Gianluigi Donnarumma,GK,Italy,24,1999,4,360,90,100.0,4.0,4,90,4,0,,0,1.00,3,5,-2,-0.50,,3.30,4.70,-1.40,-0.35,
137,David Doudera,FW,Czechia,25,1998,1,90,90,33.3,1.0,1,90,1,0,,2,0.00,1,2,-1,-1.00,-0.50,0.40,1.90,-1.40,-1.44,-2.52
138,Artem Dovbyk,FW,Ukraine,26,1997,3,246,82,91.1,2.7,3,82,2,0,,0,1.33,1,4,-3,-1.10,-4.85,2.60,2.60,0.10,0.03,-0.51
139,Denis Drăguș,FW,Romania,24,1999,4,291,73,80.8,3.2,4,73,0,0,,0,1.00,4,4,0,0.00,2.61,3.10,4.40,-1.20,-0.38,1.46
140,Radu Drăgușin,DF,Romania,21,2002,4,360,90,100.0,4.0,4,90,4,0,,0,1.00,4,6,-2,-0.50,,3.50,6.10,-2.60,-0.66,
141,Anders Dreyer,"FW,MF",Denmark,25,1998,0,,,,,0,,0,0,,4,,,,,,,,,,,
142,Vanja Drkušič,DF,Slovenia,24,1999,4,390,98,100.0,4.3,4,98,4,0,,0,1.00,2,2,0,0.00,,3.20,6.10,-2.90,-0.71,-0.71
143,Kwadwo Duah,FW,Switzerland,26,1997,3,107,36,22.3,1.2,1,67,0,2,20,2,2.33,2,2,0,0.00,-0.97,1.60,2.00,-0.40,-0.36,-0.90
144,Martin Dúbravka,GK,Slovakia,35,1989,4,390,98,100.0,4.3,4,98,4,0,,0,1.00,4,5,-1,-0.23,,4.40,5.80,-1.40,-0.34,-0.34
145,Ondrej Duda,MF,Slovakia,29,1994,4,317,79,81.3,3.5,4,79,0,0,,0,1.00,4,2,2,0.57,4.27,3.20,4.90,-1.70,-0.47,-0.85
146,Denzel Dumfries,DF,Netherlands,27,1996,5,449,90,83.1,5.0,5,90,4,0,,1,2.00,8,4,4,0.80,1.79,6.20,5.50,0.70,0.15,-0.66
147,Lewis Dunk,DF,England,32,1991,0,,,,,0,,0,0,,7,,,,,,,,,,,
148,Dávid Ďuriš,"FW,MF",Slovakia,24,1999,2,23,12,5.9,0.3,0,,0,2,12,2,2.00,0,0,0,0.00,0.25,0.00,0.10,-0.10,-0.35,-0.04
149,Lasha Dvali,DF,Georgia,28,1995,4,360,90,100.0,4.0,4,90,4,0,,0,1.00,5,8,-3,-0.75,,4.40,11.30,-6.90,-1.74,
150,Timi Elšnik,MF,Slovenia,25,1998,4,359,90,92.1,4.0,4,90,1,0,,0,1.00,1,1,0,0.00,0.00,2.50,5.70,-3.20,-0.80,-1.71
151,Nico Elvedi,DF,Switzerland,27,1996,0,,,,,0,,0,0,,5,,,,,,,,,,,
152,Breel Embolo,FW,Switzerland,26,1997,5,296,59,61.7,3.3,3,83,0,2,24,0,1.80,5,1,4,1.22,1.22,3.80,2.60,1.20,0.37,0.06
153,Maximilian Entrup,FW,Austria,26,1997,0,,,,,0,,0,0,,4,,,,,,,,,,,
154,Christian Eriksen,"MF,FW",Denmark,31,1992,4,348,87,96.7,3.9,4,87,2,0,,0,0.75,2,4,-2,-0.52,-0.52,3.80,4.70,-0.80,-0.21,-2.64
155,Martin Erlic,DF,Croatia,26,1998,0,,,,,0,,0,0,,3,,,,,,,,,,,
156,Eberechi Eze,"DF,MF",England,25,1998,3,102,34,14.8,1.1,0,,0,3,34,4,1.67,3,0,3,2.65,2.80,1.00,1.90,-0.90,-1.86,-1.81
157,Wout Faes,DF,Belgium,25,1998,4,360,90,100.0,4.0,4,90,4,0,,0,1.00,2,2,0,0.00,,4.50,3.40,1.10,0.28,
158,Nicolò Fagioli,MF,Italy,22,2001,2,95,48,26.4,1.1,1,85,0,1,10,2,0.50,1,2,-1,-0.95,-0.61,0.80,1.20,-0.40,-0.42,-0.10
159,João Félix,"MF,FW",Portugal,24,1999,2,105,53,20.6,1.2,1,90,1,1,15,3,0.50,0,2,-2,-1.71,-2.60,2.20,1.90,0.30,0.30,-0.70
160,Bruno Fernandes,MF,Portugal,29,1994,4,374,94,73.3,4.2,4,94,3,0,,1,2.00,5,1,4,0.96,2.29,6.40,2.30,4.10,1.08,0.61
161,Attila Fiola,DF,Hungary,33,1990,2,180,90,66.7,2.0,2,90,2,0,,1,0.00,1,5,-4,-2.00,-3.00,2.40,3.70,-1.30,-0.63,-1.69
162,Mark Flekken,GK,Netherlands,30,1993,0,,,,,0,,0,0,,6,,,,,,,,,,,
163,Phil Foden,"FW,MF",England,23,2000,7,617,88,89.4,6.9,7,88,1,0,,0,1.71,5,6,-1,-0.15,-3.84,4.80,5.60,-0.70,-0.11,0.46
164,Youssouf Fofana,MF,France,25,1999,3,41,14,7.2,0.5,0,,0,3,14,3,1.67,0,0,0,0.00,-0.17,0.60,1.00,-0.40,-3.14,-3.81
165,Michael Folorunsho,FW,Italy,25,1998,1,1,1,0.3,0.0,0,,0,1,1,3,3.00,0,0,0,0.00,0.50,0.00,0.00,0.00,-3.78,-3.44
166,James Forrest,"FW,MF",Scotland,32,1991,0,,,,,0,,0,0,,3,,,,,,,,,,,
167,Przemysław Frankowski,DF,Poland,28,1995,3,270,90,100.0,3.0,3,90,3,0,,0,0.33,3,6,-3,-1.00,,4.10,5.90,-1.80,-0.60,
168,Davide Frattesi,MF,Italy,24,1999,4,185,46,51.4,2.1,2,68,1,2,25,0,1.00,3,2,1,0.49,2.03,2.10,2.30,-0.30,-0.14,0.43
169,Remo Freuler,MF,Switzerland,31,1992,5,456,91,95.0,5.1,5,91,2,0,,0,1.80,7,4,3,0.59,-3.16,5.60,4.60,1.00,0.19,-3.12
170,Jeremie Frimpong,FW,Netherlands,23,2000,3,86,29,15.9,1.0,1,72,0,2,7,3,2.33,1,0,1,1.05,0.65,0.60,2.10,-1.50,-1.52,-2.12
171,Chris Führich,FW,Germany,26,1998,1,19,19,4.0,0.2,0,,0,1,19,4,3.00,0,0,0,0.00,-1.37,0.50,0.30,0.20,0.91,-0.09
172,Niclas Füllkrug,FW,Germany,30,1993,5,166,33,34.6,1.8,0,,0,5,33,0,2.00,6,2,4,2.17,1.31,4.10,1.80,2.30,1.51,0.72
173,Mijat Gaćinović,DF,Serbia,28,1995,1,45,45,16.7,0.5,0,,0,1,45,2,1.00,1,1,0,0.00,0.40,1.10,0.50,0.50,1.07,1.47
174,Cody Gakpo,FW,Netherlands,24,1999,6,523,87,96.9,5.8,6,87,4,0,,0,1.67,8,7,1,0.17,-10.42,7.40,6.00,1.40,0.24,-0.67
175,Conor Gallagher,MF,England,23,2000,5,120,24,17.4,1.3,1,45,0,4,19,2,2.20,0,0,0,0.00,-0.32,1.30,1.00,0.20,0.19,0.40
176,Federico Gatti,DF,Italy,25,1998,0,,,,,0,,0,0,,4,,,,,,,,,,,
177,Dániel Gazdag,MF,Hungary,27,1996,1,4,4,1.5,0.0,0,,0,1,4,2,0.00,0,0,0,0.00,1.02,0.30,0.10,0.20,3.88,4.01
178,Lutsharel Geertruida,DF,Netherlands,23,2000,2,108,54,20.0,1.2,1,90,1,1,18,4,0.50,2,3,-1,-0.83,-1.67,1.70,0.90,0.80,0.67,0.51
179,Billy Gilmour,MF,Scotland,22,2001,3,184,61,68.1,2.0,2,80,0,1,24,0,0.33,2,3,-1,-0.49,3.70,0.60,1.70,-1.10,-0.55,1.91
180,Olivier Giroud,FW,France,37,1986,4,59,15,10.4,0.7,0,,0,4,15,2,1.25,0,1,-1,-1.53,-1.88,0.40,0.90,-0.50,-0.70,-1.45
181,Klaus Gjasula,MF,Albania,34,1989,1,19,19,7.0,0.2,0,,0,1,19,2,1.00,1,2,-1,-4.74,-4.38,0.50,1.20,-0.70,-3.44,-2.54
182,Adam Gnezda Čerin,MF,Slovenia,24,1999,4,390,98,100.0,4.3,4,98,4,0,,0,1.00,2,2,0,0.00,,3.20,6.10,-2.90,-0.71,-0.71
183,Giorgi Gocholeishvili,DF,Georgia,22,2001,0,,,,,0,,0,0,,4,,,,,,,,,,,
184,Joe Gomez,DF,England,26,1997,0,,,,,0,,0,0,,7,,,,,,,,,,,
185,Anthony Gordon,FW,England,22,2001,1,2,2,0.3,0.0,0,,0,1,2,6,1.00,0,0,0,0.00,-0.26,0.10,0.00,0.10,2.94,3.10
186,Jon Gorenc Stanković,MF,Slovenia,28,1996,4,94,24,24.1,1.0,0,,0,4,24,0,1.00,2,1,1,0.96,1.26,1.30,2.00,-0.80,-1.07,-0.49
187,Ryan Gravenberch,MF,Netherlands,21,2002,0,,,,,0,,0,0,,6,,,,,,,,,,,
188,Michael Gregoritsch,FW,Austria,29,1994,4,126,32,35.0,1.4,1,58,0,3,23,0,1.50,2,2,0,0.00,-0.38,3.80,1.70,2.20,1.54,2.11
189,Antoine Griezmann,"MF,FW",France,32,1991,6,394,66,69.1,4.4,4,84,2,2,30,0,1.50,2,1,1,0.23,0.23,5.40,3.10,2.30,0.52,-0.23
190,Florian Grillitsch,MF,Austria,28,1995,4,194,49,53.9,2.2,3,56,0,1,27,0,1.50,4,3,1,0.46,0.46,3.90,3.60,0.30,0.13,-0.08
191,Álex Grimaldo,DF,Spain,28,1995,2,115,58,17.4,1.3,1,90,1,1,25,5,3.00,3,0,3,2.35,1.03,2.90,0.60,2.30,1.77,1.13
192,Pascal Groß,MF,Germany,32,1991,1,45,45,9.4,0.5,0,,0,1,45,4,3.00,2,1,1,2.00,0.76,0.80,0.00,0.80,1.63,0.69
193,Kamil Grosicki,MF,Poland,35,1988,1,16,16,5.9,0.2,0,,0,1,16,2,0.00,0,1,-1,-5.63,-4.92,0.30,1.20,-0.90,-5.31,-5.01
194,Marco Grüll,"FW,MF",Austria,25,1998,0,,,,,0,,0,0,,4,,,,,,,,,,,
195,Nemanja Gudelj,MF,Serbia,32,1991,2,90,45,33.3,1.0,2,45,0,0,,1,0.50,0,1,-1,-1.00,-1.00,0.10,0.80,-0.70,-0.70,-0.82
196,Marc Guéhi,DF,England,23,2000,6,570,95,82.6,6.3,6,95,6,0,,0,1.83,7,5,2,0.32,0.32,5.40,5.80,-0.40,-0.06,0.43
197,Luka Gugeshashvili,GK,Georgia,24,1999,0,,,,,0,,0,0,,4,,,,,,,,,,,
198,Péter Gulácsi,GK,Hungary,33,1990,3,270,90,100.0,3.0,3,90,3,0,,0,1.00,2,5,-3,-1.00,,3.70,3.90,-0.20,-0.07,
199,Arda Güler,"FW,MF",Türkiye,18,2005,5,340,68,75.6,3.8,4,80,1,1,21,0,1.80,6,5,1,0.26,1.08,5.20,5.80,-0.60,-0.16,0.66
200,İlkay Gündoğan,MF,Germany,33,1990,5,383,77,79.8,4.3,5,77,2,0,,0,2.00,9,3,6,1.41,0.48,6.90,3.00,4.00,0.93,-0.33
201,Angus Gunn,GK,Scotland,28,1996,3,270,90,100.0,3.0,3,90,3,0,,0,0.33,2,7,-5,-1.67,,0.90,4.40,-3.50,-1.16,
202,Mert Günok,GK,Türkiye,34,1989,4,360,90,80.0,4.0,4,90,4,0,,0,2.25,8,5,3,0.75,3.75,6.60,7.10,-0.50,-0.12,1.03
203,Joško Gvardiol,DF,Croatia,22,2002,3,270,90,100.0,3.0,3,90,3,0,,0,0.67,3,6,-3,-1.00,,5.70,4.40,1.30,0.44,
204,Giorgi Gwelesiani,DF,Georgia,32,1991,3,162,54,45.0,1.8,2,77,0,1,9,1,1.33,3,3,0,0.00,1.36,2.00,3.20,-1.20,-0.66,1.96
205,Norbert Gyömbér,DF,Slovakia,31,1992,2,32,16,8.2,0.4,0,,0,2,16,2,0.50,0,2,-2,-5.63,-5.88,0.90,0.50,0.40,18.96,19.38
206,Ianis Hagi,MF,Romania,25,1998,4,188,47,52.2,2.1,2,68,0,2,26,0,1.00,1,3,-2,-0.96,-0.96,2.00,3.60,-1.60,-0.76,-0.21
207,Dávid Hancko,DF,Slovakia,26,1997,4,366,92,93.8,4.1,4,92,3,0,,0,1.00,4,4,0,0.00,3.75,4.20,5.40,-1.20,-0.33,-0.09
208,Grant Hanley,DF,Scotland,32,1991,3,225,75,83.3,2.5,2,90,2,1,45,0,0.33,2,4,-2,-0.80,5.20,0.90,3.20,-2.30,-0.90,1.55
209,Lukáš Haraslín,FW,Slovakia,27,1996,4,264,66,67.7,2.9,4,66,0,0,,0,1.00,4,2,2,0.68,2.82,3.10,4.20,-1.10,-0.39,-0.23
210,Kai Havertz,"FW,MF",Germany,24,1999,5,389,78,81.0,4.3,5,78,2,0,,0,2.00,8,2,6,1.39,0.40,8.00,2.90,5.00,1.16,0.85
211,Niklas Hedl,GK,Austria,22,2001,0,,,,,0,,0,0,,4,,,,,,,,,,,
212,Dean Henderson,GK,England,26,1997,0,,,,,0,,0,0,,7,,,,,,,,,,,
213,Jack Hendry,DF,Scotland,28,1995,3,261,87,96.7,2.9,3,87,2,0,,0,0.33,2,7,-5,-1.72,-1.72,0.90,4.40,-3.50,-1.16,
214,Benjamin Henrichs,DF,Germany,26,1997,1,10,10,2.1,0.1,0,,0,1,10,4,3.00,0,0,0,0.00,-1.34,0.40,0.10,0.30,2.49,1.52
215,Mads Hermansen,GK,Denmark,23,2000,0,,,,,0,,0,0,,4,,,,,,,,,,,
216,Theo Hernández,DF,France,26,1997,6,570,95,100.0,6.3,6,95,6,0,,0,1.50,4,3,1,0.16,,9.00,5.20,3.80,0.63,0.63
217,Morten Hjulmand,MF,Denmark,24,1999,3,245,82,68.1,2.7,3,82,0,0,,0,1.00,2,2,0,0.00,1.57,2.70,2.00,0.70,0.26,1.19
218,Adam Hložek,MF,Czechia,21,2002,2,108,54,40.0,1.2,2,54,0,0,,1,0.50,0,2,-2,-1.67,-1.67,2.30,1.60,0.70,0.58,0.57
219,Tomáš Holeš,DF,Czechia,30,1993,3,269,90,99.6,3.0,3,90,2,0,,0,0.33,3,5,-2,-0.67,-0.67,5.10,4.30,0.70,0.24,0.24
220,Tomi Horvat,"FW,MF",Slovenia,24,1999,0,,,,,0,,0,0,,4,,,,,,,,,,,
221,Krisztofer Horváth,MF,Hungary,22,2002,0,,,,,0,,0,0,,3,,,,,,,,,,,
222,Arbër Hoxha,"FW,MF",Albania,25,1998,3,50,17,18.5,0.6,0,,0,3,17,0,0.33,1,0,1,1.80,3.03,1.00,0.50,0.50,0.93,2.45
223,Robin Hranáč,DF,Czechia,24,2000,3,270,90,100.0,3.0,3,90,3,0,,0,0.33,3,5,-2,-0.67,,5.10,4.30,0.70,0.24,
224,Patrik Hrošovský,MF,Slovakia,31,1992,0,,,,,0,,0,0,,4,,,,,,,,,,,
225,Elseid Hysaj,DF,Albania,29,1994,2,180,90,66.7,2.0,2,90,2,0,,1,0.50,3,4,-1,-0.50,0.50,2.00,4.20,-2.20,-1.10,-0.07
226,Pierre Højbjerg,MF,Denmark,28,1995,4,353,88,98.1,3.9,4,88,3,0,,0,0.75,2,4,-2,-0.51,-0.51,4.30,4.80,-0.50,-0.13,-0.45
227,Rasmus Højlund,FW,Denmark,20,2003,4,286,72,79.4,3.2,4,72,0,0,,0,0.75,2,4,-2,-0.63,-0.63,3.50,4.00,-0.40,-0.13,-0.08
228,Ivan Ilić,MF,Serbia,22,2001,3,201,67,74.4,2.2,2,78,1,1,45,0,0.67,1,1,0,0.00,1.30,1.80,2.30,-0.50,-0.21,-0.20
229,Josip Iličić,"FW,MF",Slovenia,36,1988,2,31,16,7.9,0.3,0,,0,2,16,2,1.00,0,0,0,0.00,0.00,0.30,0.20,0.10,0.49,1.20
230,Gonçalo Inácio,DF,Portugal,22,2001,2,118,59,23.1,1.3,1,90,1,1,28,3,1.50,2,2,0,0.00,-0.46,2.80,1.90,1.00,0.73,-0.20
231,Ardian Ismajli,DF,Albania,27,1996,0,,,,,0,,0,0,,3,,,,,,,,,,,
232,Luka Ivanušec,MF,Croatia,25,1998,1,21,21,7.8,0.2,0,,0,1,21,2,1.00,0,1,-1,-4.29,-3.56,0.00,0.30,-0.30,-1.21,-1.80
233,Ivica Ivušić,GK,Croatia,28,1995,0,,,0.0,0.0,0,,0,0,,2,1.00,2,2,0,,,,,,,
234,Ryan Jack,"DF,MF",Scotland,31,1992,0,,,,,0,,0,0,,3,,,,,,,,,,,
235,Erik Janža,DF,Slovenia,30,1993,3,269,90,69.0,3.0,3,90,2,0,,0,1.00,2,2,0,0.00,0.00,2.60,4.00,-1.40,-0.48,0.58
236,Vitezslav Jaros,GK,Czechia,22,2001,0,,,0.0,0.0,0,,0,0,,2,0.00,1,2,-1,,,,,,,
237,Ardon Jashari,MF,Switzerland,21,2002,0,,,,,0,,0,0,,5,,,,,,,,,,,
238,Mathias Jensen,MF,Denmark,28,1996,0,,,,,0,,0,0,,4,,,,,,,,,,,
239,Jorginho,MF,Italy,32,1991,3,215,72,59.7,2.4,3,72,1,0,,1,1.33,2,2,0,0.00,1.24,2.40,2.40,0.00,-0.01,0.84
240,Joselu,FW,Spain,33,1990,2,90,45,13.6,1.0,1,71,0,1,19,5,3.00,2,0,2,2.00,0.58,2.00,0.80,1.30,1.59,0.84
241,Diogo Jota,"FW,MF",Portugal,27,1996,3,100,33,19.6,1.1,0,,0,3,33,2,1.33,2,0,2,1.80,1.80,3.20,0.60,2.60,3.37,2.88
242,Luka Jović,"MF,FW",Serbia,26,1997,3,102,34,37.8,1.1,0,,0,3,34,0,0.67,1,1,0,0.00,0.54,1.00,0.90,0.20,0.16,0.50
243,Josip Juranović,DF,Croatia,28,1995,2,91,46,33.7,1.0,1,90,1,1,1,1,1.00,2,3,-1,-0.99,0.02,2.60,1.60,1.10,1.06,0.93
244,David Jurásek,DF,Czechia,23,2000,2,160,80,59.3,1.8,2,80,0,0,,1,0.50,2,2,0,0.00,1.64,4.60,1.90,2.70,1.50,3.11
245,Matěj Jurásek,"DF,MF",Czechia,20,2003,2,46,23,17.0,0.5,0,,0,2,23,1,0.50,1,1,0,0.00,0.80,1.40,0.70,0.70,1.32,1.30
246,Mathias Jørgensen,DF,Denmark,33,1990,0,,,,,0,,0,0,,4,,,,,,,,,,,
247,Ferdi Kadioglu,"DF,MF",Türkiye,24,1999,5,450,90,100.0,5.0,5,90,5,0,,0,1.80,8,8,0,0.00,,7.30,8.90,-1.60,-0.32,
248,İrfan Kahveci,FW,Türkiye,28,1995,1,8,8,1.8,0.1,0,,0,1,8,2,3.00,0,0,0,0.00,0.00,0.10,1.00,-0.90,-10.16,-10.02
249,Florian Kainz,"FW,MF",Austria,31,1992,0,,,,,0,,0,0,,4,,,,,,,,,,,
250,Otar Kakabadze,"DF,MF",Georgia,28,1995,4,360,90,100.0,4.0,4,90,4,0,,0,1.00,5,8,-3,-0.75,,4.40,11.30,-6.90,-1.74,
251,Thomas Kaminski,GK,Belgium,31,1992,0,,,,,0,,0,0,,4,,,,,,,,,,,
252,Harry Kane,FW,England,30,1993,7,601,86,87.1,6.7,7,86,2,0,,0,1.71,6,5,1,0.15,-0.86,5.20,5.40,-0.20,-0.03,0.96
253,N'Golo Kanté,MF,France,32,1991,6,511,85,89.6,5.7,6,85,4,0,,0,1.50,4,2,2,0.35,1.88,8.30,4.30,4.00,0.74,0.95
254,Ahmetcan Kaplan,DF,Türkiye,21,2003,0,,,,,0,,0,0,,5,,,,,,,,,,,
255,Žan Karničnik,DF,Slovenia,29,1994,4,390,98,100.0,4.3,4,98,4,0,,0,1.00,2,2,0,0.00,,3.20,6.10,-2.90,-0.71,-0.71
256,Guram Kashia,DF,Georgia,36,1987,4,360,90,100.0,4.0,4,90,4,0,,0,1.00,5,8,-3,-0.75,,4.40,11.30,-6.90,-1.74,
257,Elhan Kastrati,GK,Albania,26,1997,0,,,,,0,,0,0,,3,,,,,,,,,,,
258,Mihály Kata,MF,Hungary,21,2002,0,,,,,0,,0,0,,3,,,,,,,,,,,
259,Liam Kelly,GK,Scotland,28,1996,0,,,,,0,,0,0,,3,,,,,,,,,,,
260,Milos Kerkez,DF,Hungary,20,2003,3,237,79,87.8,2.6,3,79,0,0,,0,1.00,1,4,-3,-1.14,-1.14,2.60,2.70,-0.10,-0.03,0.36
261,Semih Kılıçsoy,FW,Türkiye,18,2005,1,2,2,0.4,0.0,0,,0,1,2,4,0.00,0,0,0,0.00,0.00,0.30,0.10,0.20,9.91,10.28
262,Joshua Kimmich,DF,Germany,28,1995,5,480,96,100.0,5.3,5,96,5,0,,0,2.00,11,4,7,1.31,,9.70,4.40,5.30,1.07,1.07
263,Otar Kiteishvili,MF,Georgia,27,1996,2,130,65,36.1,1.4,2,65,1,0,,2,1.50,3,1,2,1.38,3.34,1.70,3.00,-1.30,-0.91,1.29
264,Jakub Kiwior,DF,Poland,23,2000,3,270,90,100.0,3.0,3,90,3,0,,0,0.33,3,6,-3,-1.00,,4.10,5.90,-1.80,-0.60,
265,Simon Kjær,DF,Denmark,34,1989,0,,,,,0,,0,0,,4,,,,,,,,,,,
266,László Kleinheisler,MF,Hungary,29,1994,2,51,26,18.9,0.6,0,,0,2,26,0,1.00,1,2,-1,-1.76,-0.94,0.30,1.60,-1.30,-2.29,-2.73
267,Gregor Kobel,GK,Switzerland,26,1997,0,,,,,0,,0,0,,5,,,,,,,,,,,
268,Robin Koch,"DF,MF",Germany,27,1996,0,,,,,0,,0,0,,5,,,,,,,,,,,
269,Giorgi Kochorashvili,MF,Georgia,24,1999,4,360,90,100.0,4.0,4,90,4,0,,0,1.00,5,8,-3,-0.75,,4.40,11.30,-6.90,-1.74,
270,Orkun Kökçü,MF,Türkiye,23,2000,4,221,55,49.1,2.5,3,72,1,1,4,0,2.25,6,4,2,0.81,1.60,4.80,4.10,0.70,0.28,1.19
271,Randal Kolo Muani,FW,France,25,1998,5,201,40,35.3,2.2,2,74,0,3,18,1,1.60,2,2,0,0.00,-0.24,1.90,1.80,0.10,0.05,-0.84
272,Ibrahima Konaté,DF,France,24,1999,0,,,,,0,,0,0,,6,,,,,,,,,,,
273,Yukhym Konoplia,DF,Ukraine,24,1999,1,71,71,26.3,0.8,1,71,0,0,,2,0.00,0,3,-3,-3.80,-4.26,0.40,1.10,-0.70,-0.92,-1.34
274,Ezri Konsa,DF,England,26,1997,3,93,31,13.5,1.0,1,77,0,2,8,4,2.33,0,1,-1,-0.97,-1.42,0.40,1.30,-0.90,-1.04,-0.99
275,Sebastián Kóša,DF,Slovakia,20,2003,0,,,,,0,,0,0,,4,,,,,,,,,,,
276,Filip Kostić,DF,Serbia,31,1992,1,42,42,15.6,0.5,1,42,0,0,,1,0.00,0,1,-1,-2.14,-2.14,0.10,0.30,-0.20,-0.48,-0.39
277,Jules Koundé,DF,France,25,1998,6,570,95,100.0,6.3,6,95,6,0,,0,1.50,4,3,1,0.16,,9.00,5.20,3.80,0.63,0.63
278,Mateo Kovačić,MF,Croatia,29,1994,3,223,74,82.6,2.5,3,74,1,0,,0,0.67,3,5,-2,-0.81,1.11,4.80,4.00,0.80,0.33,-0.65
279,Matej Kovar,GK,Czechia,23,2000,1,36,36,13.3,0.4,0,,0,1,36,2,0.00,1,1,0,0.00,0.77,1.00,0.60,0.40,1.02,0.90
280,Andrej Kramarić,FW,Croatia,32,1991,3,243,81,90.0,2.7,3,81,0,0,,0,0.67,3,4,-1,-0.37,6.30,4.60,3.70,0.90,0.32,-1.19
281,Ladislav Krejčí,DF,Czechia,24,1999,3,270,90,100.0,3.0,3,90,3,0,,0,0.33,3,5,-2,-0.67,,5.10,4.30,0.70,0.24,
282,Rasmus Kristensen,"DF,MF",Denmark,26,1997,0,,,,,0,,0,0,,4,,,,,,,,,,,
283,Toni Kroos,MF,Germany,34,1990,5,469,94,97.7,5.2,5,94,4,0,,0,2.00,10,3,7,1.34,1.34,9.60,4.40,5.30,1.08,0.92
284,Jan Kuchta,FW,Czechia,27,1997,2,95,48,35.2,1.1,1,59,0,1,36,1,0.00,1,1,0,0.00,1.03,1.10,1.60,-0.50,-0.49,-1.13
285,Juraj Kucka,MF,Slovakia,36,1987,4,350,88,89.7,3.9,4,88,3,0,,0,1.00,4,3,1,0.26,4.76,3.50,5.30,-1.80,-0.47,-1.48
286,Marash Kumbulla,DF,Albania,23,2000,0,,,,,0,,0,0,,3,,,,,,,,,,,
287,Jasmin Kurtić,FW,Slovenia,35,1989,1,1,1,0.3,0.0,0,,0,1,1,3,1.00,0,0,0,0.00,0.00,0.00,0.00,0.00,0.00,0.66
288,Khvicha Kvaratskhelia,FW,Georgia,22,2001,4,342,86,95.0,3.8,4,86,2,0,,0,1.00,5,8,-3,-0.79,-0.79,4.10,10.20,-6.00,-1.58,3.05
289,Nika Kvekveskiri,MF,Georgia,31,1992,1,12,12,3.3,0.1,0,,0,1,12,3,0.00,0,1,-1,-7.50,-6.98,0.00,1.00,-1.00,-7.16,-5.61
290,Giorgi Kvilitaia,FW,Georgia,30,1993,1,3,3,0.8,0.0,0,,0,1,3,3,1.00,0,0,0,0.00,0.76,0.20,0.00,0.10,4.24,6.03
291,Saba Kvirkvelia,DF,Georgia,31,1992,3,180,60,50.0,2.0,2,83,0,1,15,1,1.33,2,3,-1,-0.50,0.50,2.10,6.20,-4.10,-2.06,-0.65
292,Nediljko Labrović,GK,Croatia,24,1999,0,,,,,0,,0,0,,3,,,,,,,,,,,
293,Qazim Laçi,"MF,FW",Albania,28,1996,3,163,54,60.4,1.8,2,70,0,1,23,0,0.33,1,1,0,0.00,1.68,1.50,2.70,-1.20,-0.67,1.02
294,Konrad Laimer,"MF,FW",Austria,26,1997,4,270,68,75.0,3.0,3,81,1,1,28,0,1.50,4,5,-1,-0.33,-2.33,4.20,4.60,-0.40,-0.14,-1.22
295,Ádám Lang,DF,Hungary,31,1993,1,45,45,16.7,0.5,1,45,0,0,,2,0.00,0,2,-2,-4.00,-3.60,0.30,1.20,-0.80,-1.62,-1.85
296,Aymeric Laporte,DF,Spain,29,1994,6,525,88,79.5,5.8,6,88,5,0,,1,3.00,12,4,8,1.37,-0.63,10.10,4.20,5.90,1.08,0.97
297,Robin Le Normand,DF,Spain,27,1996,6,442,74,67.0,4.9,5,79,3,1,45,0,3.00,9,2,7,1.43,-0.23,9.70,3.50,6.20,1.26,1.29
298,Rafael Leão,FW,Portugal,24,1999,4,287,72,56.3,3.2,4,72,0,0,,0,2.00,2,1,1,0.31,-0.09,4.00,2.00,2.10,0.65,-0.54
299,Robert Lewandowski,FW,Poland,35,1988,2,121,61,44.8,1.3,1,90,1,1,31,1,0.50,1,3,-2,-1.49,-0.88,1.70,3.80,-2.10,-1.55,-1.73
300,Philipp Lienhart,DF,Austria,27,1996,3,214,71,59.4,2.4,3,71,1,0,,1,2.00,5,4,1,0.42,0.42,4.10,3.90,0.20,0.07,-0.24
301,Matthijs de Ligt,DF,Netherlands,24,1999,0,,,,,0,,0,0,,6,,,,,,,,,,,
302,Heinz Lindner,GK,Austria,33,1990,0,,,,,0,,0,0,,4,,,,,,,,,,,
303,Ondřej Lingr,"MF,FW",Czechia,25,1998,3,83,28,30.7,0.9,0,,0,3,28,0,0.33,2,3,-1,-1.08,-0.60,1.90,1.60,0.40,0.41,0.25
304,Dominik Livaković,GK,Croatia,29,1995,3,270,90,100.0,3.0,3,90,3,0,,0,0.67,3,6,-3,-1.00,,5.70,4.40,1.30,0.44,
305,Stanislav Lobotka,MF,Slovakia,29,1994,4,390,98,100.0,4.3,4,98,4,0,,0,1.00,4,5,-1,-0.23,,4.40,5.80,-1.40,-0.34,-0.34
306,Saba Lobzhanidze,FW,Georgia,29,1994,1,9,9,2.5,0.1,0,,0,1,9,3,1.00,0,0,0,0.00,0.77,0.20,0.00,0.10,1.41,3.23
307,Luka Lochoshvili,"DF,MF",Georgia,25,1998,4,170,43,47.2,1.9,2,62,0,2,23,0,1.00,3,3,0,0.00,1.42,2.20,3.90,-1.70,-0.92,1.54
308,Fermin López,MF,Spain,20,2003,1,29,29,4.4,0.3,0,,0,1,29,6,3.00,0,0,0,0.00,-1.57,0.20,0.40,-0.20,-0.53,-1.43
309,Giorgi Loria,GK,Georgia,38,1986,0,,,,,0,,0,0,,3,,,,,,,,,,,
310,Sandi Lovrić,MF,Slovenia,25,1998,0,,,,,0,,0,0,,4,,,,,,,,,,,
311,Romelu Lukaku,FW,Belgium,30,1993,4,359,90,99.7,4.0,4,90,3,0,,0,1.00,2,2,0,0.00,0.00,4.40,3.20,1.30,0.32,17.13
312,Dodi Lukebakio,"FW,DF",Belgium,26,1997,3,65,22,18.1,0.7,1,55,0,2,5,0,1.00,1,0,1,1.38,1.69,0.90,0.40,0.40,0.60,0.40
313,Saša Lukić,MF,Serbia,27,1996,3,209,70,77.4,2.3,3,70,0,0,,0,0.67,0,1,-1,-0.43,-0.43,1.20,1.80,-0.70,-0.29,-0.62
314,Andriy Lunin,GK,Ukraine,24,1999,1,90,90,33.3,1.0,1,90,1,0,,2,0.00,0,3,-3,-3.00,-3.50,0.70,1.10,-0.30,-0.34,-0.62
315,Ian Maatsen,"DF,MF",Netherlands,21,2002,0,,,,,0,,0,0,,5,,,,,,,,,,,
316,Mike Maignan,GK,France,28,1995,6,570,95,100.0,6.3,6,95,6,0,,0,1.50,4,3,1,0.16,,9.00,5.20,3.80,0.63,0.63
317,Kobbie Mainoo,MF,England,18,2005,6,368,61,53.3,4.1,4,80,0,2,25,1,1.83,2,4,-2,-0.49,-1.61,2.90,4.10,-1.20,-0.30,-0.32
318,Lovro Majer,"FW,MF",Croatia,26,1998,3,146,49,54.1,1.6,2,68,1,1,11,0,0.67,0,5,-5,-3.08,-4.53,2.40,3.00,-0.60,-0.40,-1.81
319,Nemanja Maksimović,MF,Serbia,29,1995,0,,,,,0,,0,0,,3,,,,,,,,,,,
320,Donyell Malen,FW,Netherlands,25,1999,4,190,48,35.2,2.1,2,58,0,2,37,2,1.50,5,3,2,0.95,0.69,4.20,2.80,1.30,0.64,0.58
321,Ruslan Malinovskyi,MF,Ukraine,30,1993,3,35,12,13.0,0.4,0,,0,3,12,0,1.33,0,0,0,0.00,0.77,0.80,0.40,0.50,1.18,1.27
322,Giorgi Mamardashvili,GK,Georgia,23,2000,4,360,90,100.0,4.0,4,90,4,0,,0,1.00,5,8,-3,-0.75,,4.40,11.30,-6.90,-1.74,
323,Dennis Man,MF,Romania,25,1998,4,266,67,73.9,3.0,3,80,2,1,25,0,1.00,3,5,-2,-0.68,-0.68,2.30,4.80,-2.50,-0.85,-0.72
324,Rey Manaj,FW,Albania,26,1997,3,156,52,57.8,1.7,2,71,0,1,14,0,0.33,1,3,-2,-1.15,-1.15,1.30,3.70,-2.40,-1.37,-0.69
325,Gianluca Mancini,DF,Italy,27,1996,1,90,90,25.0,1.0,1,90,1,0,,3,0.00,0,2,-2,-2.00,-2.00,0.70,1.20,-0.50,-0.52,-0.24
326,Orel Mangala,MF,Belgium,25,1998,4,133,33,36.9,1.5,1,56,0,3,26,0,1.00,1,2,-1,-0.68,-1.07,1.70,1.60,0.10,0.05,-0.36
327,Marius Marin,MF,Romania,25,1998,4,302,76,83.9,3.4,4,76,1,0,,0,1.00,4,3,1,0.30,4.95,3.00,4.10,-1.10,-0.32,2.10
328,Răzvan Marin,MF,Romania,27,1996,4,355,89,98.6,3.9,4,89,3,0,,0,1.00,4,6,-2,-0.51,-0.51,3.50,6.10,-2.60,-0.67,-0.67
329,Ádám Martin,"FW,DF",Hungary,29,1994,3,45,15,16.7,0.5,0,,0,3,15,0,1.00,1,1,0,0.00,1.20,1.10,1.20,-0.10,-0.29,-0.26
330,Mykola Matviyenko,DF,Ukraine,27,1996,3,270,90,100.0,3.0,3,90,3,0,,0,1.33,2,4,-2,-0.67,,3.00,2.80,0.20,0.07,
331,Kylian Mbappé,FW,France,25,1998,5,464,93,81.4,5.2,5,93,3,0,,1,1.60,4,3,1,0.19,0.19,7.30,4.50,2.80,0.54,-0.29
332,Ross McCrorie,"DF,GK",Scotland,25,1998,0,,,,,0,,0,0,,3,,,,,,,,,,,
333,John McGinn,"MF,FW",Scotland,29,1994,3,230,77,85.2,2.6,3,77,0,0,,0,0.33,1,4,-3,-1.17,3.33,0.70,3.30,-2.60,-1.01,1.03
334,Callum McGregor,MF,Scotland,30,1993,3,246,82,91.1,2.7,3,82,2,0,,0,0.33,1,5,-4,-1.46,2.29,0.90,4.10,-3.20,-1.17,-0.10
335,Scott McKenna,DF,Scotland,27,1996,3,134,45,49.6,1.5,1,90,1,2,22,0,0.33,1,2,-1,-0.67,1.98,0.70,1.60,-0.90,-0.60,1.12
336,Kenny McLean,MF,Scotland,32,1992,3,44,15,16.3,0.5,0,,0,3,15,0,0.33,1,3,-2,-4.09,-2.90,0.40,1.30,-0.90,-1.80,-0.76
337,Scott McTominay,MF,Scotland,27,1996,3,270,90,100.0,3.0,3,90,3,0,,0,0.33,2,7,-5,-1.67,,0.90,4.40,-3.50,-1.16,
338,Anzor Mekvabishvili,MF,Georgia,22,2001,3,188,63,52.2,2.1,2,89,1,1,10,0,1.33,2,3,-1,-0.48,0.57,2.30,6.40,-4.10,-1.96,-0.46
339,Memphis,"FW,MF",Netherlands,29,1994,6,457,76,84.6,5.1,6,76,1,0,,0,1.67,8,6,2,0.39,-0.69,7.00,5.40,1.60,0.31,0.35
340,Nuno Mendes,DF,Portugal,21,2002,4,419,105,82.2,4.7,4,105,3,0,,1,2.00,4,1,3,0.64,1.63,6.80,2.80,3.90,0.99,0.35
341,Ferland Mendy,DF,France,28,1995,0,,,,,0,,0,0,,6,,,,,,,,,,,
342,Alex Meret,GK,Italy,26,1997,0,,,,,0,,0,0,,4,,,,,,,,,,,
343,Mikel Merino,"MF,FW",Spain,27,1996,7,182,26,27.6,2.0,1,90,1,6,15,0,3.00,3,1,2,0.99,-0.71,3.00,3.00,0.00,0.02,-1.06
344,Valentin Mihaila,MF,Romania,23,2000,3,115,38,31.9,1.3,1,67,0,2,24,1,1.00,0,3,-3,-2.35,-2.72,0.50,2.80,-2.30,-1.83,-1.72
345,Enea Mihaj,DF,Albania,25,1998,0,,,,,0,,0,0,,3,,,,,,,,,,,
346,Srđan Mijailović,DF,Serbia,30,1993,1,72,72,26.7,0.8,1,72,0,0,,2,1.00,0,0,0,0.00,0.45,0.10,0.70,-0.60,-0.76,-0.83
347,Georges Mikautadze,FW,Georgia,23,2000,4,345,86,95.8,3.8,4,86,2,0,,0,1.00,5,7,-2,-0.52,5.48,4.20,10.30,-6.10,-1.60,3.28
348,Nikola Milenković,DF,Serbia,26,1997,3,270,90,100.0,3.0,3,90,3,0,,0,0.67,1,2,-1,-0.33,,2.10,2.60,-0.50,-0.15,
349,Sergej Milinković-Savić,MF,Serbia,28,1995,3,121,40,44.8,1.3,1,90,1,2,16,0,0.67,1,2,-1,-0.74,-0.74,1.00,1.00,0.00,-0.02,0.25
350,Vanja Milinković-Savić,GK,Serbia,26,1997,0,,,,,0,,0,0,,3,,,,,,,,,,,
351,Mario Mitaj,DF,Albania,20,2003,3,270,90,100.0,3.0,3,90,3,0,,0,0.33,3,5,-2,-0.67,,2.40,5.70,-3.20,-1.07,
352,Aleksandar Mitrović,FW,Serbia,29,1994,3,240,80,88.9,2.7,3,80,2,0,,0,0.67,1,2,-1,-0.37,-0.37,2.00,2.40,-0.40,-0.13,0.17
353,Maximilian Mittelstädt,DF,Germany,26,1997,4,304,76,63.3,3.4,3,80,2,1,64,1,1.75,8,3,5,1.48,0.46,5.90,2.60,3.30,1.08,0.18
354,Filip Mladenović,DF,Serbia,32,1991,3,111,37,41.1,1.2,1,45,0,2,33,0,0.67,0,0,0,0.00,0.57,0.90,1.00,-0.20,-0.13,0.03
355,Jan Mlakar,MF,Slovenia,25,1998,4,295,74,75.6,3.3,4,74,0,0,,0,1.00,0,1,-1,-0.31,-1.25,1.90,4.00,-2.10,-0.64,0.09
356,Jakub Moder,MF,Poland,24,1999,3,180,60,66.7,2.0,1,90,1,2,45,0,0.33,1,4,-3,-1.50,-1.50,2.80,4.30,-1.40,-0.71,-0.35
357,Luka Modrić,MF,Croatia,38,1985,3,233,78,86.3,2.6,3,78,1,0,,0,0.67,3,5,-2,-0.77,1.66,4.80,4.20,0.60,0.24,-1.51
358,Vasile Mogos,DF,Romania,31,1992,1,37,37,10.3,0.4,1,37,0,0,,3,0.00,0,1,-1,-2.43,-2.15,0.20,0.40,-0.20,-0.47,0.22
359,Horaţiu Moldovan,GK,Romania,26,1998,0,,,,,0,,0,0,,4,,,,,,,,,,,
360,Álvaro Morata,FW,Spain,31,1992,7,449,64,68.0,5.0,6,72,0,1,19,0,3.00,10,2,8,1.60,0.32,8.20,3.80,4.40,0.89,0.17
361,Lewis Morgan,DF,Scotland,27,1996,1,2,2,0.7,0.0,0,,0,1,2,2,0.00,0,1,-1,-45.00,-43.66,0.10,0.80,-0.70,-29.67,-28.73
362,Ernest Muçi,FW,Albania,22,2001,2,14,7,5.2,0.2,0,,0,2,7,1,0.00,0,0,0,0.00,0.70,0.40,0.00,0.40,2.68,3.96
363,Mykhailo Mudryk,"FW,MF",Ukraine,23,2001,2,174,87,64.4,1.9,2,87,1,0,,0,1.50,2,4,-2,-1.03,-1.03,2.20,1.90,0.30,0.16,0.24
364,Mert Müldür,"DF,MF",Türkiye,24,1999,4,345,86,76.7,3.8,4,86,2,0,,1,2.25,7,5,2,0.52,2.24,5.00,6.80,-1.80,-0.46,-0.58
365,Thomas Müller,"MF,FW",Germany,34,1989,2,58,29,12.1,0.6,0,,0,2,29,3,1.50,2,2,0,0.00,-1.49,1.30,0.90,0.40,1.33,0.35
366,Jamal Musiala,FW,Germany,20,2003,5,419,84,87.3,4.7,5,84,1,0,,0,2.00,9,3,6,1.29,-0.19,8.40,3.90,4.50,1.04,0.18
367,Yvon Mvogo,GK,Switzerland,29,1994,0,,,,,0,,0,0,,5,,,,,,,,,,,
368,Phillipp Mwene,DF,Austria,30,1994,3,194,65,53.9,2.2,3,65,0,0,,1,1.00,1,3,-2,-0.93,-2.55,1.90,3.80,-1.90,-0.88,-2.26
369,Bohdan Mykhaylychenko,DF,Ukraine,26,1997,0,,,,,0,,0,0,,3,,,,,,,,,,,
370,Vitaliy Mykolenko,DF,Ukraine,24,1999,1,57,57,21.1,0.6,1,57,0,0,,2,1.00,0,0,0,0.00,0.85,0.30,0.50,-0.20,-0.36,-0.54
371,Joakim Mæhle,"DF,MF",Denmark,26,1997,4,283,71,78.6,3.1,3,90,3,1,13,0,0.75,1,3,-2,-0.64,-0.64,2.70,4.10,-1.40,-0.44,-1.53
372,Nacho,DF,Spain,34,1990,4,263,66,39.8,2.9,2,90,2,2,42,2,3.00,8,2,6,2.05,0.92,4.40,5.30,-0.90,-0.35,-1.83
373,Ádám Nagy,MF,Hungary,28,1995,3,159,53,58.9,1.8,2,65,0,1,30,0,1.00,2,3,-1,-0.57,1.06,3.00,2.20,0.80,0.43,1.21
374,Zsolt Nagy,DF,Hungary,30,1993,2,21,11,7.8,0.2,0,,0,2,11,1,1.50,1,0,1,4.29,5.73,1.10,0.50,0.60,2.51,2.80
375,Jesús Navas,DF,Spain,38,1985,3,157,52,23.8,1.7,2,74,1,1,10,4,3.00,4,1,3,1.72,0.29,2.70,1.20,1.50,0.88,0.06
376,Dan Ndoye,"MF,DF",Switzerland,23,2000,5,407,81,84.8,4.5,5,81,0,0,,0,1.80,7,3,4,0.88,0.88,5.40,3.90,1.50,0.33,-0.06
377,Ionuț Nedelcearu,DF,Romania,27,1996,0,,,,,0,,0,0,,4,,,,,,,,,,,
378,Loïc Nego,"DF,MF",Hungary,33,1991,0,,,,,0,,0,0,,3,,,,,,,,,,,
379,Pedro Neto,"DF,FW",Portugal,23,2000,3,120,40,23.5,1.3,1,74,0,2,23,2,2.00,2,2,0,0.00,-0.46,2.80,1.70,1.10,0.84,-0.06
380,Manuel Neuer,GK,Germany,37,1986,5,480,96,100.0,5.3,5,96,5,0,,0,2.00,11,4,7,1.31,,9.70,4.40,5.30,1.07,1.07
381,João Neves,MF,Portugal,19,2004,2,77,39,15.1,0.9,1,74,0,1,3,3,1.50,0,2,-2,-2.34,-3.17,1.10,1.60,-0.50,-0.62,-1.77
382,Rúben Neves,MF,Portugal,26,1997,4,125,31,24.5,1.4,0,,0,4,31,1,1.25,1,1,0,0.00,-0.47,3.70,1.90,1.80,1.81,1.13
383,Florin Niță,GK,Romania,36,1987,4,360,90,100.0,4.0,4,90,4,0,,0,1.00,4,6,-2,-0.50,,3.50,6.10,-2.60,-0.66,
384,Matheus Nunes,MF,Portugal,25,1998,2,18,9,3.5,0.2,0,,0,2,9,3,0.50,0,0,0,0.00,-0.37,1.30,0.00,1.20,6.86,6.17
385,Christian Nørgaard,MF,Denmark,29,1994,3,38,13,10.6,0.4,0,,0,3,13,1,0.67,0,0,0,0.00,0.56,0.70,0.40,0.30,0.70,0.91
386,Adam Obert,DF,Slovakia,21,2002,2,25,13,6.4,0.3,0,,0,2,13,2,1.50,0,1,-1,-3.60,-3.60,0.20,0.40,-0.10,-0.51,-0.21
387,Jan Oblak,GK,Slovenia,31,1993,4,390,98,100.0,4.3,4,98,4,0,,0,1.00,2,2,0,0.00,,3.20,6.10,-2.90,-0.71,-0.71
388,Noah Okafor,"FW,MF",Switzerland,23,2000,0,,,,,0,,0,0,,5,,,,,,,,,,,
389,Darius Olaru,MF,Romania,25,1998,2,26,13,7.2,0.3,0,,0,2,13,2,0.00,0,2,-2,-6.92,-6.92,0.50,0.90,-0.40,-1.48,-0.88
390,Dani Olmo,"MF,FW",Spain,25,1998,6,432,72,65.5,4.8,3,83,1,3,61,1,3.00,9,3,6,1.25,-0.72,7.30,5.00,2.30,0.50,-0.85
391,Amadou Onana,MF,Belgium,22,2001,4,360,90,100.0,4.0,4,90,4,0,,0,1.00,2,2,0,0.00,,4.50,3.40,1.10,0.28,
392,Loïs Openda,FW,Belgium,23,2000,3,70,23,19.4,0.8,1,62,0,2,4,1,0.33,0,0,0,0.00,0.00,0.30,1.00,-0.70,-0.90,-1.46
393,Willi Orban,DF,Hungary,31,1992,3,270,90,100.0,3.0,3,90,3,0,,0,1.00,2,5,-3,-1.00,,3.70,3.90,-0.20,-0.07,
394,Mikel Oyarzabal,FW,Spain,26,1997,7,201,29,30.5,2.2,1,61,0,6,23,0,3.00,5,2,3,1.34,-0.23,4.70,2.80,1.90,0.98,0.19
395,Salih Özcan,MF,Türkiye,26,1998,4,155,39,34.4,1.7,2,61,0,2,17,1,2.25,3,3,0,0.00,0.00,2.00,3.70,-1.70,-0.96,-0.97
396,João Palhinha,MF,Portugal,28,1995,4,299,75,58.6,3.3,4,75,1,0,,1,1.25,2,1,1,0.30,-0.13,4.00,2.20,1.80,0.59,-0.62
397,Cole Palmer,"MF,FW",England,21,2002,5,149,30,21.6,1.7,0,,0,5,30,2,1.60,5,1,4,2.42,2.75,2.00,2.00,0.00,-0.02,0.15
398,Marco Pašalić,MF,Croatia,23,2000,0,,,,,0,,0,0,,3,,,,,,,,,,,
399,Mario Pašalić,"FW,MF",Croatia,28,1995,3,116,39,43.0,1.3,1,45,0,2,36,0,0.67,2,1,1,0.78,3.11,3.30,1.00,2.20,1.72,2.24
400,Rui Patrício,GK,Portugal,35,1988,0,,,,,0,,0,0,,5,,,,,,,,,,,
401,Benjamin Pavard,DF,France,27,1996,0,,,,,0,,0,0,,6,,,,,,,,,,,
402,Strahinja Pavlović,DF,Serbia,22,2001,3,270,90,100.0,3.0,3,90,3,0,,0,0.67,1,2,-1,-0.33,,2.10,2.60,-0.50,-0.15,
403,Pedri,MF,Spain,21,2002,4,186,47,28.2,2.1,4,47,0,0,,1,3.00,6,1,5,2.42,1.28,5.20,1.40,3.80,1.84,1.40
404,Peter Pekarík,DF,Slovakia,37,1986,4,377,94,96.7,4.2,4,94,2,0,,0,1.00,4,5,-1,-0.24,-0.24,4.10,5.70,-1.50,-0.36,-1.37
405,Lorenzo Pellegrini,"FW,MF",Italy,27,1996,4,218,55,60.6,2.4,3,67,0,1,16,0,1.00,2,2,0,0.00,1.27,2.10,2.20,-0.10,-0.04,0.77
406,Patrick Pentz,GK,Austria,27,1997,4,360,90,100.0,4.0,4,90,4,0,,0,1.50,7,6,1,0.25,,6.90,6.30,0.70,0.17,
407,Pepe,DF,Portugal,40,1983,4,408,102,80.0,4.5,4,102,2,0,,1,2.00,5,1,4,0.88,2.65,7.30,2.80,4.40,1.05,0.65
408,Danilo Pereira,DF,Portugal,32,1991,1,90,90,17.6,1.0,1,90,1,0,,4,0.00,0,2,-2,-2.00,-2.86,2.00,1.60,0.30,0.35,-0.65
409,Ayoze Pérez,FW,Spain,30,1993,1,13,13,2.0,0.1,0,,0,1,13,4,3.00,0,0,0,0.00,-1.53,0.40,0.10,0.30,2.15,1.35
410,Ivan Perišić,"DF,FW",Croatia,34,1989,3,139,46,51.5,1.5,1,83,0,2,28,0,0.67,2,2,0,0.00,2.06,3.30,1.40,1.90,1.20,1.56
411,Bruno Petković,FW,Croatia,29,1994,2,87,44,32.2,1.0,1,68,0,1,19,1,0.50,0,1,-1,-1.03,-0.05,2.30,1.00,1.30,1.31,1.28
412,Đorđe Petrović,GK,Serbia,24,1999,0,,,,,0,,0,0,,3,,,,,,,,,,,
413,Krzysztof Piątek,FW,Poland,28,1995,1,59,59,21.9,0.7,1,59,0,0,,2,0.00,1,1,0,0.00,1.28,1.10,0.70,0.40,0.64,1.58
414,Jordan Pickford,GK,England,29,1994,7,690,99,100.0,7.7,7,99,7,0,,0,1.71,8,6,2,0.26,,6.00,7.20,-1.20,-0.17,-0.17
415,Jakub Piotrowski,MF,Poland,26,1997,2,58,29,21.5,0.6,1,45,0,1,13,1,0.00,1,2,-1,-1.55,-0.70,1.90,0.70,1.20,1.90,3.18
416,Marko Pjaca,"FW,MF",Croatia,28,1995,0,,,,,0,,0,0,,3,,,,,,,,,,,
417,Marin Pongračić,DF,Croatia,26,1997,2,180,90,66.7,2.0,2,90,2,0,,1,0.50,1,4,-3,-1.50,-1.50,3.10,2.90,0.20,0.08,-1.08
418,Ryan Porteous,DF,Scotland,24,1999,1,43,43,15.9,0.5,1,43,0,0,,0,0.00,0,2,-2,-4.19,-3.00,0.00,0.50,-0.50,-1.06,0.12
419,Stefan Posch,DF,Austria,26,1997,4,360,90,100.0,4.0,4,90,4,0,,0,1.50,7,6,1,0.25,,6.90,6.30,0.70,0.17,
420,Yussuf Poulsen,"FW,MF",Denmark,29,1994,4,57,14,15.8,0.6,0,,0,4,14,0,0.75,0,0,0,0.00,0.59,0.70,0.70,0.00,0.03,0.18
421,Alexander Prass,DF,Austria,22,2001,4,166,42,46.1,1.8,1,90,1,3,25,0,1.50,6,3,3,1.63,2.55,5.00,2.50,2.50,1.38,2.26
422,Lukáš Provod,MF,Czechia,27,1996,3,232,77,85.9,2.6,3,77,0,0,,0,0.33,3,3,0,0.00,4.74,4.50,3.00,1.50,0.58,2.45
423,Tymoteusz Puchacz,"DF,MF",Poland,25,1999,0,,,,,0,,0,0,,3,,,,,,,,,,,
424,George Pușcaș,FW,Romania,27,1996,2,40,20,11.1,0.4,0,,0,2,20,2,2.00,0,0,0,0.00,0.56,0.00,0.40,-0.40,-0.89,-0.26
425,Leopold Querfeld,DF,Austria,20,2003,1,27,27,7.5,0.3,0,,0,1,27,3,3.00,1,1,0,0.00,-0.27,0.10,0.20,-0.10,-0.24,-0.44
426,Adrien Rabiot,MF,France,28,1995,5,371,74,65.1,4.1,5,74,2,0,,0,1.60,4,2,2,0.49,0.94,7.00,2.40,4.70,1.13,1.54
427,Bogdan Racovitan,DF,Romania,23,2000,2,57,29,15.8,0.6,0,,0,2,29,2,1.50,0,2,-2,-3.16,-3.16,0.10,2.50,-2.40,-3.77,-3.69
428,Predrag Rajković,GK,Serbia,28,1995,3,270,90,100.0,3.0,3,90,3,0,,0,0.67,1,2,-1,-0.33,,2.10,2.60,-0.50,-0.15,
429,Anthony Ralston,DF,Scotland,25,1998,3,262,87,97.0,2.9,3,87,2,0,,0,0.33,2,6,-4,-1.37,9.88,0.80,3.60,-2.80,-0.97,6.45
430,Ylber Ramadani,MF,Albania,27,1996,3,264,88,97.8,2.9,3,88,2,0,,0,0.33,2,5,-3,-1.02,-16.02,2.00,5.40,-3.50,-1.18,-4.89
431,Gonçalo Ramos,FW,Portugal,22,2001,1,25,25,4.9,0.3,0,,0,1,25,4,0.00,0,0,0,0.00,-0.37,1.20,0.10,1.10,4.04,3.32
432,Aaron Ramsdale,GK,England,25,1998,0,,,,,0,,0,0,,7,,,,,,,,,,,
433,Giacomo Raspadori,FW,Italy,23,2000,2,83,42,23.1,0.9,1,74,0,1,9,2,0.50,0,1,-1,-1.08,-0.76,0.90,1.20,-0.30,-0.31,0.05
434,Andrei Ratiu,DF,Romania,25,1998,4,359,90,99.7,4.0,4,90,3,0,,0,1.00,4,6,-2,-0.50,-0.50,3.50,6.10,-2.70,-0.67,-2.18
435,Petar Ratkov,FW,Serbia,20,2003,0,,,,,0,,0,0,,3,,,,,,,,,,,
436,David Raum,DF,Germany,25,1998,3,166,55,34.6,1.8,2,68,0,1,30,2,1.33,3,1,2,1.08,-0.35,3.40,1.60,1.80,0.96,-0.06
437,Henrich Ravas,GK,Slovakia,26,1997,0,,,,,0,,0,0,,4,,,,,,,,,,,
438,David Raya,GK,Spain,28,1995,1,90,90,13.6,1.0,1,90,1,0,,6,3.00,1,0,1,1.00,-0.58,1.50,0.50,1.00,1.02,0.22
439,Tijjani Reijnders,MF,Netherlands,25,1998,6,496,83,91.9,5.5,6,83,4,0,,0,1.67,8,6,2,0.36,-1.68,7.70,5.60,2.10,0.38,1.42
440,Álex Remiro,GK,Spain,28,1995,0,,,,,0,,0,0,,7,,,,,,,,,,,
441,Mateo Retegui,FW,Italy,24,1999,4,152,38,42.2,1.7,1,90,1,3,21,0,1.00,1,1,0,0.00,0.87,1.60,1.80,-0.20,-0.12,0.40
442,Declan Rice,MF,England,25,1999,7,690,99,100.0,7.7,7,99,7,0,,0,1.71,8,6,2,0.26,,6.00,7.20,-1.20,-0.17,-0.17
443,Fabian Rieder,MF,Switzerland,21,2002,5,218,44,45.4,2.4,3,66,0,2,11,0,1.80,4,0,4,1.65,1.65,2.80,1.40,1.40,0.56,0.40
444,Tomas Rigo,MF,Slovakia,21,2002,0,,,,,0,,0,0,,4,,,,,,,,,,,
445,Andrew Robertson,DF,Scotland,29,1994,3,268,89,99.3,3.0,3,89,2,0,,0,0.33,2,6,-4,-1.34,43.66,0.80,3.60,-2.80,-0.95,28.73
446,Marek Rodák,GK,Slovakia,27,1996,0,,,,,0,,0,0,,4,,,,,,,,,,,
447,Rodri,MF,Spain,27,1996,6,520,87,78.8,5.8,6,87,4,0,,0,3.00,12,3,9,1.56,0.27,9.70,5.90,3.80,0.70,-0.54
448,Ricardo Rodríguez,DF,Switzerland,31,1992,5,480,96,100.0,5.3,5,96,5,0,,0,1.80,8,4,4,0.75,,6.70,4.90,1.80,0.37,0.37
449,Taras Romanchuk,MF,Poland,32,1991,1,54,54,20.0,0.6,1,54,0,0,,2,0.00,1,1,0,0.00,1.25,0.20,1.20,-1.00,-1.70,-1.38
450,Cristiano Ronaldo,FW,Portugal,38,1985,5,485,97,95.1,5.4,5,97,4,0,,0,1.60,5,3,2,0.37,0.37,8.30,4.40,3.90,0.82,-0.37
451,Antonio Rüdiger,DF,Germany,30,1993,5,480,96,100.0,5.3,5,96,5,0,,0,2.00,11,4,7,1.31,,9.70,4.40,5.30,1.07,1.07
452,Fabián Ruiz Peña,MF,Spain,27,1996,6,540,90,81.8,6.0,6,90,3,0,,1,3.00,12,4,8,1.33,-0.92,10.10,5.70,4.40,0.73,-0.56
453,Adrian Rus,MF,Romania,27,1996,2,21,11,5.8,0.2,0,,0,2,11,2,2.00,0,0,0,0.00,0.53,0.00,0.40,-0.40,-1.64,-1.03
454,Frederik Rønnow,GK,Denmark,31,1992,0,,,,,0,,0,0,,4,,,,,,,,,,,
455,José Sá,GK,Portugal,31,1993,0,,,,,0,,0,0,,5,,,,,,,,,,,
456,Marcel Sabitzer,"FW,MF",Austria,29,1994,4,360,90,100.0,4.0,4,90,4,0,,0,1.50,7,6,1,0.25,,6.90,6.30,0.70,0.17,
457,Bukayo Saka,"FW,DF",England,22,2001,7,632,90,91.6,7.0,7,90,3,0,,0,1.71,8,6,2,0.28,0.28,5.50,6.60,-1.10,-0.18,-0.13
458,Bartosz Salamon,DF,Poland,32,1991,1,85,85,31.5,0.9,1,85,0,0,,2,0.00,1,2,-1,-1.06,-0.09,0.90,1.40,-0.50,-0.53,0.10
459,William Saliba,DF,France,22,2001,6,570,95,100.0,6.3,6,95,6,0,,0,1.50,4,3,1,0.16,,9.00,5.20,3.80,0.63,0.63
460,Roland Sallai,MF,Hungary,26,1997,3,266,89,98.5,3.0,3,89,2,0,,0,1.00,2,5,-3,-1.02,-1.02,3.40,3.80,-0.40,-0.13,-4.01
461,Lazar Samardzic,MF,Serbia,21,2002,2,54,27,20.0,0.6,1,45,0,1,9,1,1.00,1,0,1,1.67,2.50,0.40,0.50,-0.10,-0.24,-0.11
462,Brice Samba,GK,France,29,1994,0,,,,,0,,0,0,,6,,,,,,,,,,,
463,Leroy Sané,FW,Germany,28,1996,5,208,42,43.3,2.3,2,66,0,3,25,0,2.00,6,1,5,2.16,1.50,4.00,2.00,2.00,0.88,-0.22
464,Leo Sauer,FW,Slovakia,18,2005,1,5,5,1.3,0.1,0,,0,1,5,3,0.00,0,0,0,0.00,0.23,0.00,0.00,0.00,0.55,0.88
465,Gianluca Scamacca,FW,Italy,25,1999,4,251,63,69.7,2.8,3,78,1,1,16,0,1.00,3,4,-1,-0.36,0.47,2.30,3.00,-0.70,-0.24,0.36
466,András Schäfer,MF,Hungary,24,1999,3,270,90,100.0,3.0,3,90,3,0,,0,1.00,2,5,-3,-1.00,,3.70,3.90,-0.20,-0.07,
467,Fabian Schär,DF,Switzerland,32,1991,5,480,96,100.0,5.3,5,96,5,0,,0,1.80,8,4,4,0.75,,6.70,4.90,1.80,0.37,0.37
468,Patrik Schick,FW,Czechia,28,1996,2,127,64,47.0,1.4,2,64,0,0,,0,0.33,2,3,-1,-0.71,-0.08,2.80,1.90,0.90,0.64,0.76
469,Nico Schlotterbeck,DF,Germany,24,1999,2,120,60,25.0,1.3,1,90,1,1,30,2,1.33,4,2,2,1.50,0.25,3.40,1.20,2.20,1.66,0.88
470,Kasper Schmeichel,GK,Denmark,37,1986,4,360,90,100.0,4.0,4,90,4,0,,0,0.75,2,4,-2,-0.50,,4.30,4.80,-0.50,-0.12,
471,Romano Schmid,"FW,MF",Austria,24,2000,4,145,36,40.3,1.6,2,67,0,2,6,0,1.50,3,3,0,0.00,-0.42,1.80,2.60,-0.80,-0.47,-1.06
472,Jerdy Schouten,MF,Netherlands,27,1997,6,500,83,92.6,5.6,6,83,4,0,,0,1.67,8,7,1,0.18,-4.32,6.80,6.40,0.40,0.08,-2.42
473,Ivan Schranz,FW,Slovakia,30,1993,4,331,83,84.9,3.7,4,83,0,0,,0,1.00,4,3,1,0.27,3.32,3.50,5.20,-1.70,-0.47,-1.02
474,Taulant Seferi,FW,Albania,27,1996,2,94,47,34.8,1.0,1,67,0,1,27,1,0.50,2,4,-2,-1.91,-1.91,0.70,2.90,-2.10,-2.03,-1.46
475,Matthias Seidl,MF,Austria,23,2001,0,,,,,0,,0,0,,4,,,,,,,,,,,
476,Nicolas Seiwald,MF,Austria,22,2001,4,360,90,100.0,4.0,4,90,4,0,,0,1.50,7,6,1,0.25,,6.90,6.30,0.70,0.17,
477,Matz Sels,GK,Belgium,31,1992,0,,,,,0,,0,0,,4,,,,,,,,,,,
478,Nélson Semedo,DF,Portugal,30,1993,5,100,20,19.6,1.1,0,,0,5,20,0,1.60,1,0,1,0.90,0.68,3.20,0.60,2.60,3.55,3.07
479,Benjamin Šeško,FW,Slovenia,20,2003,4,358,90,91.8,4.0,4,90,1,0,,0,1.00,2,1,1,0.25,3.06,3.20,5.60,-2.50,-0.67,-0.08
480,Petr Ševčík,MF,Czechia,29,1994,2,22,11,8.1,0.2,0,,0,2,11,1,0.50,0,1,-1,-4.09,-3.73,0.30,0.90,-0.60,-2.60,-3.09
481,Stephan El Shaarawy,FW,Italy,31,1992,1,45,45,12.5,0.5,1,45,0,0,,3,0.00,0,1,-1,-2.00,-1.71,0.00,1.00,-0.90,-1.85,-1.72
482,Lawrence Shankland,FW,Scotland,28,1995,3,25,8,9.3,0.3,0,,0,3,8,0,0.33,1,2,-1,-3.60,-2.13,0.20,0.90,-0.70,-2.49,-1.47
483,Mykola Shaparenko,MF,Ukraine,25,1998,3,220,73,81.5,2.4,3,73,0,0,,0,1.33,2,4,-2,-0.82,-0.82,2.00,2.40,-0.50,-0.18,-1.38
484,Xherdan Shaqiri,"MF,FW",Switzerland,32,1991,2,71,36,14.8,0.8,1,59,0,1,12,3,1.00,1,1,0,0.00,-0.88,1.20,0.20,0.90,1.42,1.22
485,Luke Shaw,DF,England,28,1995,3,178,59,25.8,2.0,1,90,1,2,44,3,1.33,3,2,1,0.51,0.33,1.00,2.80,-1.70,-1.05,-1.14
486,Levan Shengelia,"FW,MF",Georgia,28,1995,0,,,,,0,,0,0,,4,,,,,,,,,,,
487,Vincent Sierro,MF,Switzerland,28,1995,4,38,10,7.9,0.4,0,,0,4,10,1,2.00,1,0,1,2.37,1.76,1.20,0.30,1.00,2.44,2.26
488,Gabriel Sigua,MF,Georgia,18,2005,0,,,,,0,,0,0,,4,,,,,,,,,,,
489,António Silva,DF,Portugal,20,2003,2,73,37,14.3,0.8,1,65,0,1,8,3,1.50,0,2,-2,-2.47,-3.29,1.00,1.60,-0.60,-0.69,-1.84
490,Bernardo Silva,"FW,MF",Portugal,29,1994,4,420,105,82.4,4.7,4,105,4,0,,1,2.00,5,1,4,0.86,2.86,7.50,2.80,4.70,1.17,0.96
491,Unai Simón,GK,Spain,26,1997,6,570,95,86.4,6.3,6,95,6,0,,1,3.00,14,4,10,1.58,0.58,11.40,6.30,5.10,0.85,0.08
492,Xavi Simons,"MF,FW",Netherlands,20,2003,6,454,76,84.1,5.0,5,80,1,1,56,0,1.67,9,6,3,0.59,0.59,6.80,5.00,1.90,0.37,0.69
493,Michał Skóraś,DF,Poland,23,2000,1,23,23,8.5,0.3,0,,0,1,23,2,1.00,1,0,1,3.91,5.37,0.80,0.20,0.60,2.45,3.33
494,Łukasz Skorupski,GK,Poland,32,1991,1,90,90,33.3,1.0,1,90,1,0,,2,1.00,1,1,0,0.00,1.50,1.20,2.30,-1.10,-1.13,-0.80
495,Andreas Skov Olsen,"MF,FW",Denmark,24,1999,3,122,41,33.9,1.4,1,68,0,2,27,1,0.67,0,2,-2,-1.48,-1.48,1.50,2.40,-0.80,-0.62,-0.76
496,Milan Škriniar,DF,Slovakia,28,1995,4,390,98,100.0,4.3,4,98,4,0,,0,1.00,4,5,-1,-0.23,,4.40,5.80,-1.40,-0.34,-0.34
497,Bartosz Slisz,MF,Poland,24,1999,2,110,55,40.7,1.2,1,74,0,1,36,1,0.00,1,3,-2,-1.64,-1.07,2.40,1.10,1.30,1.06,2.80
498,Yann Sommer,GK,Switzerland,35,1988,5,480,96,100.0,5.3,5,96,5,0,,0,1.80,8,4,4,0.75,,6.70,4.90,1.80,0.37,0.37
499,Deian Sorescu,"MF,DF",Romania,26,1997,2,34,17,9.4,0.4,0,,0,2,17,2,0.50,0,0,0,0.00,0.55,0.10,0.10,0.00,-0.07,0.65
500,Borna Sosa,DF,Croatia,26,1998,1,7,7,2.6,0.1,0,,0,1,7,2,1.00,0,1,-1,-12.86,-12.17,0.20,0.50,-0.20,-3.18,-3.72
501,Tomáš Souček,MF,Czechia,28,1995,3,270,90,100.0,3.0,3,90,3,0,,0,0.33,3,5,-2,-0.67,,5.10,4.30,0.70,0.24,
502,Uroš Spajić,DF,Serbia,30,1993,0,,,,,0,,0,0,,3,,,,,,,,,,,
503,Andraž Šporar,FW,Slovenia,29,1994,4,338,85,86.7,3.8,4,85,1,0,,0,1.00,2,2,0,0.00,0.00,2.90,4.80,-1.90,-0.51,1.14
504,Nicolae Stanciu,"MF,FW",Romania,30,1993,4,353,88,98.1,3.9,4,88,2,0,,0,1.00,4,5,-1,-0.25,12.60,3.50,5.70,-2.20,-0.57,4.89
505,Jindřich Staněk,GK,Czechia,27,1996,3,234,78,86.7,2.6,3,78,2,0,,0,0.33,2,4,-2,-0.77,-0.77,4.10,3.80,0.30,0.12,-0.90
506,Josip Stanišić,DF,Croatia,23,2000,2,180,90,66.7,2.0,2,90,2,0,,1,0.50,1,4,-3,-1.50,-1.50,3.10,2.90,0.20,0.08,-1.08
507,Renato Steffen,DF,Switzerland,32,1991,1,1,1,0.2,0.0,0,,0,1,1,4,3.00,0,0,0,0.00,-0.75,0.00,0.00,0.00,0.00,-0.34
508,Taras Stepanenko,MF,Ukraine,34,1989,2,82,41,30.4,0.9,1,61,0,1,21,1,0.50,0,3,-3,-3.29,-3.77,0.80,1.40,-0.60,-0.68,-1.08
509,Leonidas Stergiou,DF,Switzerland,21,2002,3,48,16,10.0,0.5,0,,0,3,16,2,2.33,1,0,1,1.87,1.25,1.20,0.70,0.50,0.90,0.62
510,Petar Stojanović,MF,Slovenia,28,1995,4,316,79,81.0,3.5,4,79,1,0,,0,1.00,1,1,0,0.00,0.00,2.00,4.30,-2.30,-0.65,0.06
511,Nemanja Stojić,MF,Serbia,26,1998,0,,,,,0,,0,0,,3,,,,,,,,,,,
512,John Stones,DF,England,29,1994,7,690,99,100.0,7.7,7,99,7,0,,0,1.71,8,6,2,0.26,,6.00,7.20,-1.20,-0.17,-0.17
513,Thomas Strakosha,GK,Albania,28,1995,3,270,90,100.0,3.0,3,90,3,0,,0,0.33,3,5,-2,-0.67,,2.40,5.70,-3.20,-1.07,
514,Dávid Strelec,FW,Slovakia,22,2001,4,182,46,46.7,2.0,2,65,0,2,26,0,1.00,2,2,0,0.00,0.43,2.40,2.20,0.20,0.08,0.74
515,Callum Styles,MF,Hungary,23,2000,1,60,60,22.2,0.7,1,60,0,0,,2,3.00,0,0,0,0.00,1.29,0.40,0.00,0.30,0.49,0.72
516,Luka Sučić,"FW,MF",Croatia,21,2002,3,140,47,51.9,1.6,1,69,0,2,36,0,0.67,3,1,2,1.29,4.75,4.20,1.20,2.90,1.89,3.02
517,Heorhiy Sudakov,MF,Ukraine,21,2002,3,262,87,97.0,2.9,3,87,2,0,,0,1.33,2,4,-2,-0.69,-0.69,2.70,2.80,-0.10,-0.03,-3.26
518,Pavel Šulc,MF,Czechia,23,2000,1,78,78,28.9,0.9,1,78,0,0,,2,0.00,1,1,0,0.00,0.94,0.20,1.10,-0.90,-1.09,-1.87
519,Tomáš Suslov,"FW,MF",Slovakia,21,2002,4,126,32,32.3,1.4,0,,0,4,32,0,1.00,0,3,-3,-2.14,-2.82,1.30,1.50,-0.20,-0.21,0.14
520,Adrian Șut,MF,Romania,24,1999,0,,,,,0,,0,0,,4,,,,,,,,,,,
521,Josip Šutalo,DF,Croatia,23,2000,3,270,90,100.0,3.0,3,90,3,0,,0,0.67,3,6,-3,-1.00,,5.70,4.40,1.30,0.44,
522,Oleksandr Svatok,DF,Ukraine,29,1994,1,80,80,29.6,0.9,1,80,0,0,,2,1.00,0,0,0,0.00,0.95,0.50,0.70,-0.20,-0.26,-0.48
523,Karol Świderski,FW,Poland,27,1997,3,90,30,33.3,1.0,0,,0,3,30,0,0.33,1,3,-2,-2.00,-1.50,2.50,1.90,0.60,0.56,1.74
524,Serhiy Sydorchuk,MF,Ukraine,32,1991,1,6,6,2.2,0.1,0,,0,1,6,2,3.00,0,0,0,0.00,0.68,0.00,0.00,0.00,-0.46,-0.55
525,Attila Szalai,DF,Hungary,26,1998,2,95,48,35.2,1.1,1,78,0,1,17,1,1.50,2,2,0,0.00,1.54,2.10,1.70,0.30,0.31,0.59
526,Péter Szappanos,GK,Hungary,33,1990,0,,,,,0,,0,0,,3,,,,,,,,,,,
527,Wojciech Szczęsny,GK,Poland,33,1990,2,180,90,66.7,2.0,2,90,2,0,,1,0.00,2,5,-3,-1.50,-1.50,2.90,3.60,-0.70,-0.33,0.80
528,Dominik Szoboszlai,MF,Hungary,23,2000,3,270,90,100.0,3.0,3,90,3,0,,0,1.00,2,5,-3,-1.00,,3.70,3.90,-0.20,-0.07,
529,Damian Szymański,MF,Poland,28,1995,0,,,,,0,,0,0,,3,,,,,,,,,,,
530,Sebastian Szymański,MF,Poland,24,1999,2,112,56,41.5,1.2,2,56,0,0,,1,0.50,1,2,-1,-0.80,0.34,0.50,3.10,-2.60,-2.11,-2.59
531,Jemal Tabidze,DF,Georgia,27,1996,0,,,,,0,,0,0,,4,,,,,,,,,,,
532,Dušan Tadić,MF,Serbia,35,1988,3,156,52,57.8,1.7,1,81,0,2,38,0,0.67,0,1,-1,-0.58,-0.58,1.60,1.70,-0.10,-0.04,0.26
533,Jonathan Tah,DF,Germany,27,1996,4,319,80,66.5,3.5,4,80,2,0,,0,1.75,7,3,4,1.13,-0.55,5.10,2.30,2.80,0.79,-0.63
534,Maksym Talovierov,MF,Ukraine,23,2000,1,1,1,0.4,0.0,0,,0,1,1,2,3.00,0,0,0,0.00,0.67,0.00,0.00,0.00,-1.36,-1.44
535,Stefan Târnovanu,GK,Romania,23,2000,0,,,,,0,,0,0,,4,,,,,,,,,,,
536,Greg Taylor,"DF,MF",Scotland,26,1997,0,,,,,0,,0,0,,3,,,,,,,,,,,
537,Aurélien Tchouaméni,MF,France,24,2000,5,470,94,82.5,5.2,5,94,4,0,,1,1.20,3,3,0,0.00,-0.90,6.80,4.40,2.30,0.48,-0.51
538,Marc-André ter Stegen,GK,Germany,31,1992,0,,,,,0,,0,0,,5,,,,,,,,,,,
539,Arthur Theate,DF,Belgium,23,2000,3,256,85,71.1,2.8,3,85,2,0,,1,1.33,1,1,0,0.00,0.00,2.30,2.40,-0.10,-0.05,-1.12
540,Marcus Thuram,FW,France,26,1997,4,260,65,45.6,2.9,3,75,1,1,35,2,2.00,1,0,1,0.35,0.35,4.70,2.40,2.30,0.90,0.51
541,Youri Tielemans,MF,Belgium,26,1997,3,148,49,41.1,1.6,2,66,0,1,17,1,1.33,1,0,1,0.61,1.03,1.90,1.00,0.90,0.55,0.47
542,Kieran Tierney,DF,Scotland,26,1997,2,136,68,50.4,1.5,2,68,0,0,,0,0.50,1,5,-4,-2.65,-1.98,0.20,2.80,-2.60,-1.72,-1.12
543,Ivan Toney,FW,England,27,1996,3,45,15,6.5,0.5,0,,0,3,15,4,1.33,2,0,2,4.00,4.00,0.80,1.20,-0.40,-12.95,-12.85
544,Ferrán Torres,"FW,MF",Spain,23,2000,5,155,31,23.5,1.7,1,71,0,4,21,2,3.00,2,1,1,0.58,-1.20,2.60,2.20,0.40,0.31,-0.64
545,Cenk Tosun,FW,Türkiye,32,1991,2,25,13,5.6,0.3,0,,0,2,13,3,1.50,1,0,1,3.60,3.81,1.10,0.30,0.80,2.74,3.24
546,Gernot Trauner,DF,Austria,31,1992,2,90,45,25.0,1.0,1,58,0,1,32,1,1.50,1,1,0,0.00,-0.33,0.80,2.20,-1.40,-1.37,-2.05
547,Kieran Trippier,DF,England,33,1990,6,450,75,65.2,5.0,6,75,2,0,,1,2.00,3,4,-1,-0.20,-1.32,3.90,3.50,0.40,0.08,0.69
548,Leandro Trossard,FW,Belgium,29,1994,3,169,56,46.9,1.9,2,67,0,1,35,1,1.33,1,1,0,0.00,0.00,3.00,1.20,1.70,0.91,1.20
549,Anatolii Trubin,GK,Ukraine,22,2001,2,180,90,66.7,2.0,2,90,2,0,,1,2.00,2,1,1,0.50,3.50,2.30,1.70,0.60,0.28,0.62
550,Heorhii Tsitaishvili,"DF,MF",Georgia,23,2000,4,190,48,52.8,2.1,2,67,0,2,28,0,1.00,2,5,-3,-1.42,-1.42,2.20,7.40,-5.20,-2.46,-1.54
551,Viktor Tsyhankov,FW,Ukraine,26,1997,1,62,62,23.0,0.7,1,62,0,0,,1,0.00,0,3,-3,-4.35,-4.79,0.20,1.10,-0.80,-1.19,-1.64
552,Ľubomír Tupta,MF,Slovakia,25,1998,1,12,12,3.1,0.1,0,,0,1,12,3,0.00,0,0,0,0.00,0.24,0.30,0.10,0.20,,
553,Oleksandr Tymchyk,DF,Ukraine,27,1997,3,199,66,73.7,2.2,2,90,2,1,19,0,1.33,2,1,1,0.45,4.26,2.70,1.70,0.90,0.42,1.34
554,Deniz Undav,MF,Germany,27,1996,1,7,7,1.5,0.1,0,,0,1,7,3,1.50,1,2,-1,-12.86,-14.38,0.20,0.30,0.00,-0.44,-1.46
555,Dayot Upamecano,DF,France,25,1998,6,570,95,100.0,6.3,6,95,6,0,,0,1.50,4,3,1,0.16,,9.00,5.20,3.80,0.63,0.63
556,Kacper Urbanski,"FW,MF",Poland,19,2004,3,148,49,54.8,1.6,2,72,1,1,4,0,0.33,2,2,0,0.00,2.21,1.60,3.50,-1.90,-1.13,-1.19
557,Virgil van Dijk,DF,Netherlands,32,1991,6,540,90,100.0,6.0,6,90,6,0,,0,1.67,10,7,3,0.50,,8.00,6.40,1.60,0.26,
558,Vladyslav Vanat,FW,Ukraine,22,2002,1,21,21,7.8,0.2,0,,0,1,21,2,1.00,0,0,0,0.00,0.72,0.50,0.30,0.20,0.86,0.86
559,Barnabás Varga,FW,Hungary,30,1994,3,249,83,92.2,2.8,3,83,1,0,,0,1.00,1,5,-4,-1.45,-5.73,2.60,3.60,-1.00,-0.38,-3.94
560,Ruben Vargas,"MF,FW",Switzerland,25,1998,5,306,61,63.8,3.4,4,70,0,1,26,0,1.80,5,3,2,0.59,-0.45,3.90,2.90,1.00,0.30,-0.12
561,Denis Vavro,DF,Slovakia,27,1996,4,390,98,100.0,4.3,4,98,4,0,,0,1.00,4,5,-1,-0.23,,4.40,5.80,-1.40,-0.34,-0.34
562,Joey Veerman,MF,Netherlands,25,1998,6,209,35,38.7,2.3,2,48,0,4,29,0,1.67,4,3,1,0.43,-0.11,3.60,1.30,2.30,0.98,1.18
563,Igor Vekič,GK,Slovenia,25,1998,0,,,,,0,,0,0,,4,,,,,,,,,,,
564,Miloš Veljković,DF,Serbia,28,1995,3,270,90,100.0,3.0,3,90,3,0,,0,0.67,1,2,-1,-0.33,,2.10,2.60,-0.50,-0.15,
565,Micky van de Ven,DF,Netherlands,22,2001,4,70,18,13.0,0.8,0,,0,4,18,2,2.25,4,1,3,3.86,3.86,1.40,1.20,0.20,0.31,0.06
566,Benjamin Verbič,MF,Slovenia,30,1993,3,74,25,19.0,0.8,0,,0,3,25,1,1.00,1,1,0,0.00,0.00,1.20,1.80,-0.60,-1.19,-0.59
567,Bart Verbruggen,GK,Netherlands,21,2002,6,540,90,100.0,6.0,6,90,6,0,,0,1.67,10,7,3,0.50,,8.00,6.40,1.60,0.26,
568,Arthur Vermeeren,MF,Belgium,18,2005,0,,,,,0,,0,0,,4,,,,,,,,,,,
569,Jan Vertonghen,DF,Belgium,36,1987,3,270,90,75.0,3.0,3,90,3,0,,1,1.33,2,1,1,0.33,1.33,2.80,2.80,0.00,0.01,-1.06
570,Jannik Vestergaard,DF,Denmark,31,1992,4,360,90,100.0,4.0,4,90,4,0,,0,0.75,2,4,-2,-0.50,,4.30,4.80,-0.50,-0.12,
571,Guglielmo Vicario,GK,Italy,27,1996,0,,,,,0,,0,0,,4,,,,,,,,,,,
572,Domagoj Vida,"DF,MF",Croatia,34,1989,0,,,,,0,,0,0,,3,,,,,,,,,,,
573,Žan Vipotnik,FW,Slovenia,21,2002,1,15,15,3.8,0.2,0,,0,1,15,3,1.00,0,1,-1,-6.00,-6.24,0.00,0.30,-0.30,-1.80,-1.19
574,Martin Vitík,DF,Czechia,21,2003,0,,,,,0,,0,0,,3,,,,,,,,,,,
575,Vitinha,MF,Portugal,23,2000,4,358,90,70.2,4.0,4,90,0,0,,1,2.00,4,1,3,0.75,1.35,5.20,2.50,2.70,0.67,-0.71
576,Daniel Vivian,DF,Spain,24,1999,2,123,62,18.6,1.4,1,90,1,1,33,5,3.00,1,0,1,0.73,-0.94,1.50,0.80,0.70,0.49,-0.42
577,Dušan Vlahović,"MF,FW",Serbia,24,2000,3,177,59,65.6,2.0,2,77,1,1,24,0,0.67,0,1,-1,-0.51,-0.51,1.30,1.40,0.00,-0.02,0.38
578,Nikola Vlašić,"FW,MF",Croatia,26,1997,0,,,,,0,,0,0,,1,,,,,,,,,,,
579,Tomáš Vlček,DF,Czechia,22,2001,0,,,,,0,,0,0,,3,,,,,,,,,,,
580,Aster Vranckx,MF,Belgium,21,2002,0,,,,,0,,0,0,,4,,,,,,,,,,,
581,Stefan de Vrij,DF,Netherlands,31,1992,6,540,90,100.0,6.0,6,90,6,0,,0,1.67,10,7,3,0.50,,8.00,6.40,1.60,0.26,
582,Kyle Walker,DF,England,33,1990,7,690,99,100.0,7.7,7,99,7,0,,0,1.71,8,6,2,0.26,,6.00,7.20,-1.20,-0.17,-0.17
583,Sebastian Walukiewicz,DF,Poland,23,2000,0,,,,,0,,0,0,,3,,,,,,,,,,,
584,Ollie Watkins,FW,England,28,1995,3,62,21,9.0,0.7,0,,0,3,21,4,1.33,2,1,1,1.45,1.31,0.70,1.20,-0.50,-0.75,-0.65
585,Wout Weghorst,FW,Netherlands,31,1992,6,138,23,25.6,1.5,0,,0,6,23,0,1.67,5,2,3,1.96,1.96,1.80,1.50,0.30,0.22,-0.06
586,Andreas Weimann,FW,Austria,32,1991,1,1,1,0.3,0.0,0,,0,1,1,3,3.00,0,0,0,0.00,-0.25,0.00,0.00,0.00,-1.72,-1.89
587,Adam Wharton,MF,England,19,2004,0,,,,,0,,0,0,,7,,,,,,,,,,,
588,Silvan Widmer,DF,Switzerland,30,1993,4,299,75,62.3,3.3,3,81,1,1,57,0,1.50,5,4,1,0.30,-1.19,4.20,3.80,0.40,0.13,-0.49
589,Georginio Wijnaldum,MF,Netherlands,33,1990,3,73,24,13.5,0.8,0,,0,3,24,3,1.33,2,1,1,1.23,0.85,0.50,1.20,-0.70,-0.85,-1.28
590,Nico Williams,FW,Spain,21,2002,6,492,82,74.5,5.5,6,82,2,0,,1,3.00,13,3,10,1.83,1.29,10.00,4.10,5.90,1.09,0.98
591,Patrick Wimmer,"FW,MF",Austria,22,2001,3,138,46,38.3,1.5,1,62,0,2,38,0,2.00,4,1,3,1.96,2.77,2.50,3.20,-0.70,-0.42,-0.96
592,Jonas Wind,FW,Denmark,24,1999,4,193,48,53.6,2.1,3,61,0,1,10,0,0.75,2,2,0,0.00,1.08,2.60,2.20,0.40,0.18,0.65
593,Florian Wirtz,"FW,MF",Germany,20,2003,5,279,56,58.1,3.1,3,65,0,2,43,0,2.00,5,3,2,0.65,-1.59,5.70,2.40,3.30,1.19,0.39
594,Axel Witsel,"DF,MF",Belgium,35,1989,0,,,,,0,,0,0,,2,,,,,,,,,,,
595,Maximilian Wöber,DF,Austria,25,1998,3,175,58,48.6,1.9,2,74,1,1,27,1,1.00,4,3,1,0.51,0.51,3.50,2.80,0.70,0.37,0.39
596,Granit Xhaka,MF,Switzerland,31,1992,5,480,96,100.0,5.3,5,96,5,0,,0,1.80,8,4,4,0.75,,6.70,4.90,1.80,0.37,0.37
597,Lamine Yamal,FW,Spain,16,2007,7,503,72,76.2,5.6,6,81,1,1,19,0,3.00,13,3,10,1.79,1.22,10.30,4.30,6.00,1.07,0.97
598,Roman Yaremchuk,FW,Ukraine,28,1995,3,121,40,44.8,1.3,1,69,0,2,26,0,1.33,1,0,1,0.74,2.56,1.20,0.80,0.40,0.27,0.36
599,Andriy Yarmolenko,"FW,MF",Ukraine,34,1989,3,104,35,38.5,1.2,1,66,0,2,19,0,1.33,1,1,0,0.00,1.08,1.90,0.80,1.10,0.97,1.47
600,Yusuf Yazıcı,"MF,FW",Türkiye,27,1997,2,57,29,12.7,0.6,0,,0,2,29,3,1.50,1,1,0,0.00,0.00,1.00,1.50,-0.50,-0.73,-0.46
601,Bertuğ Yıldırım,FW,Türkiye,21,2002,0,,,0.0,0.0,0,,0,0,,4,0.00,1,2,-1,,,,,,,
602,Kenan Yıldız,"FW,MF",Türkiye,18,2005,5,345,69,76.7,3.8,4,78,0,1,33,0,1.80,6,5,1,0.26,1.12,4.60,5.90,-1.40,-0.36,-0.15
603,Okay Yokuşlu,"MF,DF",Türkiye,29,1994,3,55,18,12.2,0.6,0,,0,3,18,2,2.00,1,1,0,0.00,0.00,1.40,2.10,-0.70,-1.15,-0.95
604,İsmail Yüksek,MF,Türkiye,25,1999,3,152,51,33.8,1.7,2,60,0,1,33,1,2.00,2,0,2,1.18,1.79,1.50,2.20,-0.70,-0.44,-0.18
605,Illia Zabarnyi,DF,Ukraine,21,2002,3,270,90,100.0,3.0,3,90,3,0,,0,1.33,2,4,-2,-0.67,,3.00,2.80,0.20,0.07,
606,Mattia Zaccagni,"MF,FW",Italy,28,1995,3,82,27,22.8,0.9,0,,0,3,27,1,0.33,1,1,0,0.00,0.65,0.90,0.70,0.20,0.21,0.72
607,Warren Zaïre-Emery,MF,France,17,2006,0,,,,,0,,0,0,,6,,,,,,,,,,,
608,Denis Zakaria,MF,Switzerland,27,1996,1,23,23,4.8,0.3,0,,0,1,23,2,1.00,0,0,0,0.00,-0.79,0.30,0.10,0.20,,
609,Nicola Zalewski,DF,Poland,22,2002,3,247,82,91.5,2.7,3,82,2,0,,0,0.33,2,6,-4,-1.46,-5.37,3.20,5.60,-2.40,-0.88,-3.33
610,Adrian Zeljković,MF,Slovenia,21,2002,0,,,,,0,,0,0,,4,,,,,,,,,,,
611,Cedric Zesiger,DF,Switzerland,25,1998,0,,,,,0,,0,0,,5,,,,,,,,,,,
612,Piotr Zieliński,MF,Poland,29,1994,3,253,84,93.7,2.8,3,84,1,0,,0,0.33,3,5,-2,-0.71,4.58,2.90,5.70,-2.80,-0.99,-6.30
613,David Zima,DF,Czechia,23,2000,0,,,,,0,,0,0,,3,,,,,,,,,,,
614,Oleksandr Zinchenko,DF,Ukraine,27,1996,3,213,71,78.9,2.4,2,90,2,1,33,0,1.33,2,4,-2,-0.85,-0.85,2.70,2.30,0.40,0.19,0.54
615,Joshua Zirkzee,"FW,DF",Netherlands,22,2001,2,5,3,0.9,0.1,0,,0,2,3,4,1.50,0,0,0,0.00,-0.50,0.10,0.30,-0.30,-5.17,-5.48
616,Andrija Živković,DF,Serbia,27,1996,3,244,81,90.4,2.7,3,81,1,0,,0,0.67,0,2,-2,-0.74,-4.20,1.70,2.40,-0.70,-0.25,-1.05
617,Budu Zivzivadze,"FW,MF",Georgia,29,1994,2,18,9,5.0,0.2,0,,0,2,9,2,0.00,0,2,-2,-10.00,-9.74,0.20,1.90,-1.60,-8.20,-6.81
618,Steven Zuber,MF,Switzerland,32,1991,2,77,39,16.0,0.9,0,,0,2,39,1,2.00,1,1,0,0.00,-0.89,1.30,0.90,0.40,0.70,0.40
619,Martín Zubimendi,MF,Spain,24,1999,4,141,35,21.4,1.6,1,90,1,3,17,3,3.00,3,1,2,1.28,-0.28,3.20,0.90,2.30,1.47,0.81
620,Oleksandr Zubkov,FW,Ukraine,27,1996,1,24,24,8.9,0.3,0,,0,1,24,2,3.00,1,0,1,3.75,4.85,0.40,0.20,0.10,0.54,0.51
621,Nino Žugelj,FW,Slovenia,23,2000,0,,,,,0,,0,0,,4,,,,,,,,,,,
