Rk,Player,Pos,Squad,Age,Born,90s,Att,Live,Dead,FK,TB,Sw,Crs,TI,CK,In,Out,Str,Cmp,Off,Blocks
1,Che Adams,FW,Scotland,27,1996,2.3,31,28,3,0,0,1,1,0,0,0,0,0,27,0,0
2,Michel Aebischer,DF,Switzerland,27,1997,5.3,252,219,32,4,3,2,3,28,0,0,0,0,221,1,0
3,Arlind Ajeti,DF,Albania,30,1993,3.0,112,105,6,6,0,1,0,0,0,0,0,0,93,1,2
4,Manuel Akanji,DF,Switzerland,28,1995,5.3,331,304,26,11,0,0,0,0,0,0,0,0,304,1,2
5,Samet Akaydın,DF,Türkiye,29,1994,3.7,206,197,9,6,1,0,0,0,0,0,0,0,185,0,0
6,Nathan Aké,DF,Netherlands,28,1995,5.2,274,227,44,11,0,0,1,33,0,0,0,0,239,3,5
7,Yunus Akgün,FW,Türkiye,23,2000,0.8,17,16,1,0,0,0,3,0,1,1,0,0,14,0,1
8,Kerem Aktürkoğlu,"FW,MF",Türkiye,25,1998,1.2,38,36,1,0,1,0,3,1,0,0,0,0,22,1,1
9,Trent Alexander-Arnold,"MF,DF",England,25,1998,1.5,101,97,4,3,0,3,5,0,1,0,1,0,84,0,2
10,Denis Alibec,FW,Romania,33,1991,0.3,4,2,2,0,0,0,0,0,0,0,0,0,4,0,0
11,Barış Alper Yılmaz,FW,Türkiye,23,2000,5.0,105,98,7,1,2,1,8,0,1,0,0,0,80,0,1
12,Sandro Altunashvili,MF,Georgia,26,1997,0.6,16,16,0,0,0,0,1,0,0,0,0,0,13,0,0
13,Zeki Amdouni,"MF,FW",Switzerland,23,2000,0.6,14,13,0,0,0,0,0,0,0,0,0,0,9,1,0
14,Joachim Andersen,DF,Denmark,27,1996,4.0,298,290,7,6,1,5,5,1,0,0,0,0,249,1,2
15,Robert Andrich,MF,Germany,29,1994,3.5,232,231,1,1,1,0,1,0,0,0,0,0,208,0,3
16,Waldemar Anton,DF,Germany,27,1996,0.4,24,23,1,0,0,0,0,1,0,0,0,0,20,0,0
17,Stuart Armstrong,MF,Scotland,31,1992,0.2,10,8,2,0,0,0,3,1,1,1,0,0,7,0,0
18,Marko Arnautović,FW,Austria,34,1989,3.1,54,52,2,1,0,0,2,0,0,0,0,0,39,0,4
19,Jasir Asani,FW,Albania,28,1995,2.3,38,38,0,0,1,0,4,0,0,0,0,0,31,0,0
20,Kristjan Asllani,MF,Albania,21,2002,3.0,189,168,20,15,2,6,13,0,5,5,0,0,155,1,3
21,Kaan Ayhan,"MF,DF",Türkiye,29,1994,4.0,179,169,9,8,2,4,1,1,0,0,0,0,156,1,2
22,Alex Baena,"MF,FW",Spain,22,2001,0.3,12,11,1,0,0,0,0,0,1,0,0,0,11,0,0
23,Alexander Bah,"DF,MF",Denmark,26,1997,3.1,164,145,19,0,0,1,6,19,0,0,0,0,127,0,4
24,Nedim Bajrami,"FW,MF",Albania,24,1999,2.7,80,75,4,0,1,0,4,0,1,1,0,0,61,1,1
25,Johan Bakayoko,"FW,DF",Belgium,20,2003,0.5,21,21,0,0,0,0,0,0,0,0,0,0,18,0,0
26,Jure Balkovec,DF,Slovenia,29,1994,1.3,37,21,16,0,0,0,1,16,0,0,0,0,24,0,0
27,Iván Balliu,DF,Albania,32,1992,1.0,43,35,8,1,0,0,0,7,0,0,0,0,33,0,2
28,Nicușor Bancu,DF,Romania,31,1992,3.0,139,107,29,2,0,0,5,27,0,0,0,0,103,3,4
29,Antonín Barák,MF,Czechia,29,1994,0.5,24,22,1,0,0,0,1,0,0,0,0,0,20,1,0
30,Bradley Barcola,"FW,MF",France,21,2002,1.1,32,32,0,0,0,0,1,0,0,0,0,0,27,0,1
31,Abdülkerim Bardakcı,DF,Türkiye,29,1994,4.0,211,200,10,6,0,4,1,0,0,0,0,0,182,1,2
32,Nicolò Barella,MF,Italy,26,1997,3.7,261,256,3,2,1,1,2,0,0,0,0,0,239,2,2
33,Alessandro Bastoni,DF,Italy,24,1999,4.0,333,315,18,9,0,0,1,2,0,0,0,0,306,0,3
34,Martin Baturina,FW,Croatia,20,2003,0.1,4,4,0,0,0,0,0,0,0,0,0,0,2,0,0
35,Christoph Baumgartner,"MF,FW",Austria,24,1999,3.2,105,101,3,0,3,1,6,1,0,0,0,0,72,1,4
36,Altay Bayındır,GK,Türkiye,25,1998,1.0,35,31,4,2,0,0,0,0,0,0,0,0,29,0,0
37,Jan Bednarek,DF,Poland,27,1996,3.0,101,86,14,7,0,1,0,7,0,0,0,0,89,1,0
38,Maximilian Beier,FW,Germany,21,2002,0.3,7,7,0,0,0,0,1,0,0,0,0,0,3,0,2
39,Jude Bellingham,"MF,FW",England,20,2003,7.4,363,356,6,3,3,3,8,3,0,0,0,0,311,1,8
40,László Bénes,MF,Slovakia,26,1997,0.8,52,47,5,2,1,1,6,0,3,2,1,0,41,0,1
41,Bartosz Bereszyński,DF,Poland,31,1992,0.1,2,2,0,0,0,0,1,0,0,0,0,0,1,0,1
42,Steven Bergwijn,FW,Netherlands,26,1997,1.0,49,49,0,0,0,0,2,0,0,0,0,0,40,0,2
43,Medon Berisha,MF,Albania,20,2003,0.2,10,10,0,0,0,0,0,0,0,0,0,0,7,0,0
44,Victor Bernth Kristiansen,"DF,MF",Denmark,21,2002,1.7,92,83,9,0,0,0,4,9,0,0,0,0,72,0,1
45,Matúš Bero,"MF,DF",Slovakia,28,1995,0.5,24,21,3,0,0,0,2,3,0,0,0,0,17,0,1
46,Jaka Bijol,DF,Slovenia,24,1999,4.3,130,124,6,4,2,1,1,0,0,0,0,0,107,0,1
47,Veljko Birmančević,DF,Serbia,25,1998,0.3,16,12,4,2,0,0,5,2,0,0,0,0,10,0,1
48,Daley Blind,FW,Netherlands,33,1990,0.0,0,0,0,0,0,0,0,0,0,0,0,0,0,0,0
49,Bendegúz Bolla,DF,Hungary,24,1999,2.3,63,56,7,0,0,0,8,7,0,0,0,0,45,0,2
50,Endre Botka,DF,Hungary,29,1994,1.0,45,33,12,0,0,0,0,12,0,0,0,0,37,0,1
51,Jarrod Bowen,FW,England,27,1996,0.4,14,12,2,0,0,0,3,0,2,2,0,0,10,0,0
52,Róbert Boženík,FW,Slovakia,24,1999,2.3,38,34,4,0,0,0,2,0,0,0,0,0,25,0,2
53,Volodymyr Brazhko,MF,Ukraine,22,2002,2.0,81,81,0,0,0,0,0,0,0,0,0,0,71,0,0
54,David Brekalo,MF,Slovenia,25,1998,0.0,1,1,0,0,0,0,0,0,0,0,0,0,1,0,0
55,Brian Brobbey,FW,Netherlands,21,2002,0.0,0,0,0,0,0,0,0,0,0,0,0,0,0,0,0
56,Armando Broja,FW,Albania,22,2001,1.2,15,15,0,0,0,0,0,0,0,0,0,0,9,0,1
57,Marcelo Brozović,MF,Croatia,31,1992,2.5,188,183,5,4,1,1,4,1,0,0,0,0,170,0,1
58,Jacob Bruun Larsen,FW,Denmark,25,1998,0.1,6,5,0,0,0,0,1,0,0,0,0,0,3,1,0
59,Ante Budimir,FW,Croatia,32,1991,1.4,16,15,1,0,0,0,1,0,0,0,0,0,8,0,1
60,Adam Buksa,FW,Poland,27,1996,1.7,13,11,2,0,0,0,0,0,0,0,0,0,11,0,0
61,Andrei Burcă,DF,Romania,30,1993,4.0,141,132,9,5,0,3,1,4,0,0,0,0,113,0,2
62,Riccardo Calafiori,DF,Italy,21,2002,3.0,232,228,4,4,0,3,1,0,0,0,0,0,215,0,2
63,Hakan Çalhanoğlu,MF,Türkiye,29,1994,3.9,261,238,23,9,0,2,16,0,13,6,4,0,232,0,0
64,Eduardo Camavinga,MF,France,21,2002,1.9,86,86,0,0,0,0,0,0,0,0,0,0,74,0,2
65,Andrea Cambiaso,"FW,DF",Italy,23,2000,0.8,48,46,2,0,0,0,5,1,1,1,0,0,38,0,1
66,Emre Can,MF,Germany,30,1994,1.1,70,68,2,2,0,0,0,0,0,0,0,0,65,0,1
67,João Cancelo,"DF,MF",Portugal,29,1994,3.8,259,230,27,1,2,4,9,26,0,0,0,0,224,2,7
68,Yannick Carrasco,"DF,FW",Belgium,30,1993,2.4,98,93,5,1,1,0,3,4,0,0,0,0,84,0,1
69,Dani Carvajal,DF,Spain,32,1992,5.2,325,286,39,5,0,1,10,34,0,0,0,0,291,0,5
70,Timothy Castagne,DF,Belgium,28,1995,4.0,221,187,34,3,0,0,5,31,0,0,0,0,187,0,4
71,Koen Casteels,GK,Belgium,31,1992,4.0,143,103,39,4,0,0,0,0,0,0,0,0,119,1,0
72,Žan Celar,"FW,MF",Slovenia,24,1999,0.7,18,17,1,0,0,0,0,0,0,0,0,0,15,0,0
73,Zeki Çelik,"DF,MF",Türkiye,26,1997,1.2,55,46,9,2,0,0,6,7,0,0,0,0,44,0,5
74,Václav Černý,MF,Czechia,26,1997,0.6,33,29,4,0,0,1,5,0,4,1,3,0,26,0,1
75,Giorgi Chakvetadze,"MF,FW",Georgia,24,1999,2.7,93,88,5,0,0,1,4,1,4,3,1,0,79,0,1
76,Federico Chiesa,"FW,MF",Italy,26,1997,2.9,104,100,3,1,1,1,17,0,2,1,1,0,69,1,9
77,Tomáš Chorý,MF,Czechia,29,1995,0.4,6,6,0,0,0,0,0,0,0,0,0,0,2,0,1
78,Andreas Christensen,DF,Denmark,27,1996,3.9,231,228,3,3,0,0,0,0,0,0,0,0,218,0,1
79,Ryan Christie,"MF,FW",Scotland,28,1995,1.1,20,17,3,0,0,0,1,1,0,0,0,0,15,0,1
80,Mojmir Chytil,FW,Czechia,24,1999,1.2,15,14,1,0,0,0,2,0,0,0,0,0,6,0,3
81,Alexandru Cicâldău,MF,Romania,26,1997,0.2,5,5,0,0,0,0,0,0,0,0,0,0,2,0,0
82,Florinel Coman,MF,Romania,25,1998,1.3,28,26,2,0,0,0,1,2,0,0,0,0,20,0,2
83,Kingsley Coman,MF,France,27,1996,0.2,10,10,0,0,0,0,0,0,0,0,0,0,9,0,0
84,Francisco Conceição,"FW,MF",Portugal,21,2002,2.0,129,127,2,0,0,0,16,2,0,0,0,0,101,0,5
85,Diogo Costa,GK,Portugal,24,1999,5.7,155,122,33,6,0,0,0,1,0,0,0,0,140,0,0
86,Vladimír Coufal,"DF,FW",Czechia,31,1992,3.0,149,110,39,2,0,0,22,30,7,1,5,0,103,0,5
87,Bryan Cristante,MF,Italy,28,1995,1.5,114,113,1,1,0,1,3,0,0,0,0,0,101,0,0
88,Kevin Csoboth,DF,Hungary,23,2000,0.1,8,6,2,2,0,0,0,0,0,0,0,0,6,0,0
89,Marc Cucurella,DF,Spain,25,1998,6.1,367,326,41,3,1,0,5,38,0,0,0,0,330,0,9
90,Mirlind Daku,FW,Albania,26,1998,0.1,5,5,0,0,0,0,0,0,0,0,0,0,4,0,0
91,Diogo Dalot,"DF,MF",Portugal,24,1999,1.7,100,94,6,0,0,0,3,6,0,0,0,0,91,0,2
92,Mikkel Damsgaard,FW,Denmark,23,2000,0.4,14,14,0,0,0,0,1,0,0,0,0,0,10,0,0
93,Kevin Danso,DF,Austria,25,1998,2.4,169,163,6,5,1,1,0,0,0,0,0,0,147,0,2
94,Márton Dárdai,DF,Hungary,21,2002,1.9,95,83,10,3,0,3,0,6,0,0,0,0,66,2,0
95,Matteo Darmian,DF,Italy,34,1989,1.8,107,98,9,1,0,0,1,8,0,0,0,0,97,0,2
96,Zuriko Davitashvili,"FW,MF",Georgia,22,2001,1.3,37,36,1,0,0,0,1,0,1,0,1,0,33,0,0
97,Paweł Dawidowicz,DF,Poland,28,1995,2.0,79,75,4,2,0,0,0,0,0,0,0,0,74,0,1
98,Kevin De Bruyne,MF,Belgium,32,1991,4.0,227,189,37,9,7,3,21,5,20,7,4,1,164,1,7
99,Charles De Ketelaere,FW,Belgium,22,2001,0.0,0,0,0,0,0,0,0,0,0,0,0,0,0,0,0
100,Zeno Debast,DF,Belgium,20,2003,1.2,109,102,6,1,1,1,0,5,0,0,0,0,97,1,0
101,Thomas Delaney,MF,Denmark,32,1991,0.9,35,35,0,0,0,0,1,0,0,0,0,0,22,0,0
102,Ousmane Dembélé,"FW,MF",France,26,1997,4.0,176,154,22,4,2,1,36,2,16,3,8,0,119,0,9
103,Merih Demiral,DF,Türkiye,25,1998,2.3,94,86,8,6,0,0,2,0,0,0,0,0,82,0,0
104,Giovanni Di Lorenzo,"DF,FW",Italy,30,1993,4.0,323,275,48,13,2,0,2,35,0,0,0,0,285,0,3
105,Rúben Dias,DF,Portugal,26,1997,4.7,411,396,14,10,0,0,3,0,0,0,0,0,382,1,1
106,Federico Dimarco,"DF,FW",Italy,26,1997,2.5,125,100,23,2,0,1,12,15,6,2,2,0,99,2,7
107,Berat Djimsiti,DF,Albania,30,1993,3.0,144,140,3,3,0,1,0,0,0,0,0,0,127,1,0
108,Jeremy Doku,"FW,MF",Belgium,21,2002,3.6,113,108,4,0,1,2,8,4,0,0,0,0,89,1,6
109,Kasper Dolberg,FW,Denmark,26,1997,0.4,10,10,0,0,0,0,1,0,0,0,0,0,7,0,0
110,Gianluigi Donnarumma,GK,Italy,24,1999,4.0,102,81,21,5,0,0,0,0,0,0,0,0,87,0,0
111,David Doudera,FW,Czechia,25,1998,1.0,24,23,1,0,0,0,1,1,0,0,0,0,18,0,0
112,Artem Dovbyk,FW,Ukraine,26,1997,2.7,34,28,6,0,0,0,0,1,0,0,0,0,27,0,2
113,Denis Drăguș,FW,Romania,24,1999,3.2,54,51,3,0,0,0,1,0,0,0,0,0,35,0,1
114,Radu Drăgușin,DF,Romania,21,2002,4.0,106,97,9,7,1,1,0,2,0,0,0,0,90,0,0
115,Vanja Drkušič,DF,Slovenia,24,1999,4.3,109,105,4,4,0,1,1,0,0,0,0,0,84,0,1
116,Kwadwo Duah,FW,Switzerland,26,1997,1.2,25,23,2,0,0,0,1,0,0,0,0,0,13,0,0
117,Martin Dúbravka,GK,Slovakia,35,1989,4.3,162,122,39,16,0,0,0,0,0,0,0,0,108,1,0
118,Ondrej Duda,MF,Slovakia,29,1994,3.5,170,162,8,3,0,1,9,0,5,1,4,0,138,0,4
119,Denzel Dumfries,DF,Netherlands,27,1996,5.0,271,219,51,0,0,2,18,51,0,0,0,0,220,1,8
120,Dávid Ďuriš,"FW,MF",Slovakia,24,1999,0.3,2,2,0,0,0,0,0,0,0,0,0,0,1,0,1
121,Lasha Dvali,DF,Georgia,28,1995,4.0,132,127,5,5,0,0,0,0,0,0,0,0,115,0,1
122,Timi Elšnik,MF,Slovenia,25,1998,4.0,117,115,2,2,0,0,4,0,0,0,0,0,87,0,2
123,Breel Embolo,FW,Switzerland,26,1997,3.3,46,44,2,0,2,0,1,0,0,0,0,0,39,0,1
124,Christian Eriksen,"MF,FW",Denmark,31,1992,3.9,215,179,36,9,1,4,32,1,26,11,9,3,159,0,5
125,Eberechi Eze,"DF,MF",England,25,1998,1.1,40,37,3,1,0,0,5,0,2,1,1,0,30,0,1
126,Wout Faes,DF,Belgium,25,1998,4.0,290,277,12,5,0,2,0,1,0,0,0,0,255,1,1
127,Nicolò Fagioli,MF,Italy,22,2001,1.1,104,97,7,2,0,1,4,0,3,2,1,0,87,0,0
128,João Félix,"MF,FW",Portugal,24,1999,1.2,77,70,6,1,1,0,7,1,4,1,1,0,67,1,0
129,Bruno Fernandes,MF,Portugal,29,1994,4.2,297,267,27,7,3,2,32,0,17,8,4,1,221,3,5
130,Attila Fiola,DF,Hungary,33,1990,2.0,73,67,6,2,0,0,1,4,0,0,0,0,57,0,1
131,Phil Foden,"FW,MF",England,23,2000,6.9,368,341,24,11,2,0,27,3,8,4,4,0,310,3,3
132,Youssouf Fofana,MF,France,25,1999,0.5,29,29,0,0,0,0,0,0,0,0,0,0,25,0,1
133,Michael Folorunsho,FW,Italy,25,1998,0.0,2,2,0,0,0,0,0,0,0,0,0,0,0,0,0
134,Przemysław Frankowski,DF,Poland,28,1995,3.0,125,113,12,1,1,1,7,11,0,0,0,0,92,0,9
135,Davide Frattesi,MF,Italy,24,1999,2.1,60,60,0,0,0,0,2,0,0,0,0,0,44,0,6
136,Remo Freuler,MF,Switzerland,31,1992,5.1,233,225,8,4,0,0,0,2,0,0,0,0,204,0,5
137,Jeremie Frimpong,FW,Netherlands,23,2000,1.0,25,25,0,0,0,0,0,0,0,0,0,0,21,0,1
138,Chris Führich,FW,Germany,26,1998,0.2,14,14,0,0,0,0,0,0,0,0,0,0,13,0,0
139,Niclas Füllkrug,FW,Germany,30,1993,1.8,37,35,1,0,0,0,0,0,0,0,0,0,25,1,0
140,Mijat Gaćinović,DF,Serbia,28,1995,0.5,24,20,4,0,0,0,3,4,0,0,0,0,16,0,0
141,Cody Gakpo,FW,Netherlands,24,1999,5.8,133,128,4,1,1,0,22,3,0,0,0,0,93,1,4
142,Conor Gallagher,MF,England,23,2000,1.3,51,51,0,0,0,0,0,0,0,0,0,0,45,0,0
143,Dániel Gazdag,MF,Hungary,27,1996,0.0,3,3,0,0,0,0,0,0,0,0,0,0,3,0,0
144,Lutsharel Geertruida,DF,Netherlands,23,2000,1.2,81,71,10,1,0,0,1,9,0,0,0,0,74,0,0
145,Billy Gilmour,MF,Scotland,22,2001,2.0,113,108,4,3,0,0,4,0,0,0,0,0,95,1,2
146,Olivier Giroud,FW,France,37,1986,0.7,13,12,1,0,0,0,0,0,0,0,0,0,8,0,1
147,Klaus Gjasula,MF,Albania,34,1989,0.2,11,11,0,0,0,0,0,0,0,0,0,0,7,0,1
148,Adam Gnezda Čerin,MF,Slovenia,24,1999,4.3,164,143,20,8,0,1,10,0,12,2,4,0,127,1,0
149,Anthony Gordon,FW,England,22,2001,0.0,3,2,1,0,0,0,0,1,0,0,0,0,3,0,0
150,Jon Gorenc Stanković,MF,Slovenia,28,1996,1.0,23,21,0,0,0,0,0,0,0,0,0,0,16,2,0
151,Michael Gregoritsch,FW,Austria,29,1994,1.4,32,29,2,0,0,0,1,0,0,0,0,0,23,1,0
152,Antoine Griezmann,"MF,FW",France,32,1991,4.4,194,164,30,12,1,3,27,1,16,7,4,0,151,0,3
153,Florian Grillitsch,MF,Austria,28,1995,2.2,162,158,4,3,1,1,2,1,0,0,0,0,135,0,2
154,Álex Grimaldo,DF,Spain,28,1995,1.3,102,90,12,1,0,0,16,5,6,3,2,0,88,0,0
155,Pascal Groß,MF,Germany,32,1991,0.5,69,68,0,0,0,0,1,0,0,0,0,0,65,1,0
156,Kamil Grosicki,MF,Poland,35,1988,0.2,5,4,1,0,0,0,2,0,1,0,1,0,1,0,0
157,Nemanja Gudelj,MF,Serbia,32,1991,1.0,64,60,4,4,0,1,0,0,0,0,0,0,61,0,0
158,Marc Guéhi,DF,England,23,2000,6.3,448,437,11,10,0,2,0,1,0,0,0,0,419,0,1
159,Péter Gulácsi,GK,Hungary,33,1990,3.0,97,72,25,11,0,0,0,0,0,0,0,0,74,0,0
160,Arda Güler,"FW,MF",Türkiye,18,2005,3.8,197,171,26,2,1,1,26,1,17,11,4,0,162,0,1
161,İlkay Gündoğan,MF,Germany,33,1990,4.3,167,165,2,1,1,0,3,1,0,0,0,0,142,0,4
162,Angus Gunn,GK,Scotland,28,1996,3.0,117,79,38,16,0,0,0,0,0,0,0,0,72,0,0
163,Mert Günok,GK,Türkiye,34,1989,4.0,129,81,47,17,0,1,0,0,0,0,0,0,83,1,0
164,Joško Gvardiol,DF,Croatia,22,2002,3.0,158,140,18,2,1,1,0,16,0,0,0,0,144,0,1
165,Giorgi Gwelesiani,DF,Georgia,32,1991,1.8,36,36,0,0,0,0,0,0,0,0,0,0,26,0,0
166,Norbert Gyömbér,DF,Slovakia,31,1992,0.4,36,36,0,0,0,0,1,0,0,0,0,0,35,0,0
167,Ianis Hagi,MF,Romania,25,1998,2.1,67,63,4,1,1,1,8,1,2,0,1,0,41,0,4
168,Dávid Hancko,DF,Slovakia,26,1997,4.1,188,147,40,3,0,2,11,37,0,0,0,0,134,1,7
169,Grant Hanley,DF,Scotland,32,1991,2.5,136,136,0,0,0,1,0,0,0,0,0,0,112,0,0
170,Lukáš Haraslín,FW,Slovakia,27,1996,2.9,71,57,13,3,0,0,14,2,7,1,5,0,50,1,1
171,Kai Havertz,"FW,MF",Germany,24,1999,4.3,116,110,6,0,1,0,1,0,0,0,0,0,95,0,4
172,Jack Hendry,DF,Scotland,28,1995,2.9,131,112,18,8,0,1,1,10,0,0,0,0,105,1,1
173,Benjamin Henrichs,DF,Germany,26,1997,0.1,5,4,1,0,0,0,0,1,0,0,0,0,4,0,0
174,Theo Hernández,DF,France,26,1997,6.3,394,361,33,6,0,0,11,27,0,0,0,0,354,0,7
175,Morten Hjulmand,MF,Denmark,24,1999,2.7,217,212,4,4,0,2,2,0,0,0,0,0,192,1,2
176,Adam Hložek,MF,Czechia,21,2002,1.2,16,15,1,0,0,0,0,0,0,0,0,0,15,0,0
177,Tomáš Holeš,DF,Czechia,30,1993,3.0,121,116,5,4,0,0,5,1,0,0,0,0,92,0,2
178,Arbër Hoxha,"FW,MF",Albania,25,1998,0.6,21,19,1,0,0,0,1,1,0,0,0,0,15,1,1
179,Robin Hranáč,DF,Czechia,24,2000,3.0,86,81,5,4,0,0,0,1,0,0,0,0,74,0,0
180,Elseid Hysaj,DF,Albania,29,1994,2.0,59,52,7,0,0,1,3,7,0,0,0,0,48,0,1
181,Pierre Højbjerg,MF,Denmark,28,1995,3.9,302,294,7,6,0,4,6,1,0,0,0,0,268,1,3
182,Rasmus Højlund,FW,Denmark,20,2003,3.2,55,46,8,0,0,0,1,0,0,0,0,0,43,1,1
183,Ivan Ilić,MF,Serbia,22,2001,2.2,149,141,8,6,0,1,4,1,1,1,0,0,139,0,0
184,Josip Iličić,"FW,MF",Slovenia,36,1988,0.3,11,11,0,0,1,0,0,0,0,0,0,0,7,0,1
185,Gonçalo Inácio,DF,Portugal,22,2001,1.3,150,148,2,1,0,0,1,1,0,0,0,0,134,0,3
186,Luka Ivanušec,MF,Croatia,25,1998,0.2,11,11,0,0,0,0,0,0,0,0,0,0,7,0,1
187,Erik Janža,DF,Slovenia,30,1993,3.0,114,89,24,5,1,1,12,18,1,1,0,0,77,1,3
188,Jorginho,MF,Italy,32,1991,2.4,238,232,6,5,1,1,0,0,0,0,0,0,217,0,0
189,Joselu,FW,Spain,33,1990,1.0,18,17,1,0,0,0,0,0,0,0,0,0,15,0,1
190,Diogo Jota,"FW,MF",Portugal,27,1996,1.1,35,35,0,0,1,0,1,0,0,0,0,0,24,0,0
191,Luka Jović,"MF,FW",Serbia,26,1997,1.1,19,19,0,0,0,1,1,0,0,0,0,0,14,0,1
192,Josip Juranović,DF,Croatia,28,1995,1.0,65,57,8,0,0,0,8,7,0,0,0,0,53,0,2
193,David Jurásek,DF,Czechia,23,2000,1.8,75,64,11,1,0,0,15,9,1,0,1,0,45,0,4
194,Matěj Jurásek,"DF,MF",Czechia,20,2003,0.5,26,25,1,0,2,0,9,0,1,0,0,0,13,0,1
195,Ferdi Kadioglu,"DF,MF",Türkiye,24,1999,5.0,277,244,32,2,1,1,4,30,0,0,0,0,239,1,5
196,İrfan Kahveci,FW,Türkiye,28,1995,0.1,0,0,0,0,0,0,0,0,0,0,0,0,0,0,0
197,Otar Kakabadze,"DF,MF",Georgia,28,1995,4.0,171,133,37,4,0,4,5,33,0,0,0,0,124,1,2
198,Harry Kane,FW,England,30,1993,6.7,104,96,7,1,0,5,4,2,0,0,0,0,71,1,6
199,N'Golo Kanté,MF,France,32,1991,5.7,325,323,1,1,1,1,3,0,0,0,0,0,289,1,6
200,Žan Karničnik,DF,Slovenia,29,1994,4.3,190,157,30,1,0,1,5,29,0,0,0,0,143,3,6
201,Guram Kashia,DF,Georgia,36,1987,4.0,114,108,6,5,0,1,0,0,0,0,0,0,93,0,0
202,Milos Kerkez,DF,Hungary,20,2003,2.6,77,73,3,1,0,0,14,2,0,0,0,0,47,1,5
203,Semih Kılıçsoy,FW,Türkiye,18,2005,0.0,1,1,0,0,0,0,0,0,0,0,0,0,1,0,0
204,Joshua Kimmich,DF,Germany,28,1995,5.3,409,369,38,4,2,0,24,34,0,0,0,0,363,2,4
205,Otar Kiteishvili,MF,Georgia,27,1996,1.4,53,50,3,3,0,0,0,0,0,0,0,0,45,0,0
206,Jakub Kiwior,DF,Poland,23,2000,3.0,153,124,29,5,0,0,2,24,0,0,0,0,127,0,7
207,László Kleinheisler,MF,Hungary,29,1994,0.6,17,17,0,0,0,0,0,0,0,0,0,0,16,0,0
208,Giorgi Kochorashvili,MF,Georgia,24,1999,4.0,176,171,5,5,0,1,1,0,0,0,0,0,159,0,1
209,Orkun Kökçü,MF,Türkiye,23,2000,2.5,123,119,3,3,1,2,3,0,0,0,0,0,94,1,2
210,Randal Kolo Muani,FW,France,25,1998,2.2,38,36,2,0,0,1,0,0,0,0,0,0,27,0,2
211,Yukhym Konoplia,DF,Ukraine,24,1999,0.8,42,36,6,0,0,1,2,6,0,0,0,0,32,0,2
212,Ezri Konsa,DF,England,26,1997,1.0,50,49,1,1,0,0,0,0,0,0,0,0,48,0,0
213,Filip Kostić,DF,Serbia,31,1992,0.5,15,11,4,0,0,0,3,4,0,0,0,0,8,0,0
214,Jules Koundé,DF,France,25,1998,6.3,392,325,66,8,1,2,22,58,0,0,0,0,332,1,6
215,Mateo Kovačić,MF,Croatia,29,1994,2.5,168,166,2,2,1,0,0,0,0,0,0,0,156,0,2
216,Matej Kovar,GK,Czechia,23,2000,0.4,18,16,2,0,0,0,0,0,0,0,0,0,9,0,0
217,Andrej Kramarić,FW,Croatia,32,1991,2.7,89,84,5,0,2,1,7,1,0,0,0,0,71,0,2
218,Ladislav Krejčí,DF,Czechia,24,1999,3.0,143,128,15,6,0,2,2,6,0,0,0,0,122,0,0
219,Toni Kroos,MF,Germany,34,1990,5.2,551,480,69,36,2,7,35,0,33,10,15,3,498,2,2
220,Jan Kuchta,FW,Czechia,27,1997,1.1,15,14,1,0,0,0,0,0,0,0,0,0,11,0,0
221,Juraj Kucka,MF,Slovakia,36,1987,3.9,123,123,0,0,1,0,3,0,0,0,0,0,93,0,2
222,Jasmin Kurtić,FW,Slovenia,35,1989,0.0,0,0,0,0,0,0,0,0,0,0,0,0,0,0,0
223,Khvicha Kvaratskhelia,FW,Georgia,22,2001,3.8,86,69,17,4,0,0,15,2,8,8,0,0,68,0,0
224,Nika Kvekveskiri,MF,Georgia,31,1992,0.1,15,15,0,0,0,0,0,0,0,0,0,0,13,0,0
225,Giorgi Kvilitaia,FW,Georgia,30,1993,0.0,3,3,0,0,0,0,0,0,0,0,0,0,2,0,0
226,Saba Kvirkvelia,DF,Georgia,31,1992,2.0,61,58,3,3,0,3,0,0,0,0,0,0,52,0,1
227,Qazim Laçi,"MF,FW",Albania,28,1996,1.8,52,50,2,0,0,0,4,0,0,0,0,0,36,0,3
228,Konrad Laimer,"MF,FW",Austria,26,1997,3.0,126,119,6,2,0,0,2,1,0,0,0,0,107,1,6
229,Ádám Lang,DF,Hungary,31,1993,0.5,19,13,6,0,0,0,0,6,0,0,0,0,13,0,2
230,Aymeric Laporte,DF,Spain,29,1994,5.8,483,461,21,13,0,5,2,0,0,0,0,0,446,1,3
231,Robin Le Normand,DF,Spain,27,1996,4.9,344,344,0,0,0,1,0,0,0,0,0,0,320,0,1
232,Rafael Leão,FW,Portugal,24,1999,3.2,112,111,1,0,0,0,15,1,0,0,0,0,85,0,6
233,Robert Lewandowski,FW,Poland,35,1988,1.3,23,23,0,0,0,1,0,0,0,0,0,0,19,0,0
234,Philipp Lienhart,DF,Austria,27,1996,2.4,125,116,9,2,0,1,0,2,0,0,0,0,113,0,0
235,Ondřej Lingr,"MF,FW",Czechia,25,1998,0.9,27,23,4,1,0,0,1,1,1,0,0,0,21,0,2
236,Dominik Livaković,GK,Croatia,29,1995,3.0,93,71,22,5,0,0,0,0,0,0,0,0,69,0,0
237,Stanislav Lobotka,MF,Slovakia,29,1994,4.3,243,240,2,2,0,1,0,0,0,0,0,0,228,1,0
238,Saba Lobzhanidze,FW,Georgia,29,1994,0.1,1,1,0,0,0,0,1,0,0,0,0,0,0,0,1
239,Luka Lochoshvili,"DF,MF",Georgia,25,1998,1.9,57,45,12,2,0,0,4,10,0,0,0,0,41,0,1
240,Fermin López,MF,Spain,20,2003,0.3,10,9,0,0,0,0,0,0,0,0,0,0,8,1,0
241,Romelu Lukaku,FW,Belgium,30,1993,4.0,57,54,2,0,1,0,0,0,0,0,0,0,38,1,1
242,Dodi Lukebakio,"FW,DF",Belgium,26,1997,0.7,30,27,3,1,0,0,1,1,1,1,0,0,24,0,1
243,Saša Lukić,MF,Serbia,27,1996,2.3,150,146,4,4,0,0,1,0,0,0,0,0,142,0,0
244,Andriy Lunin,GK,Ukraine,24,1999,1.0,24,20,4,0,0,0,0,0,0,0,0,0,23,0,0
245,Mike Maignan,GK,France,28,1995,6.3,167,131,34,9,0,0,0,0,0,0,0,0,136,2,0
246,Kobbie Mainoo,MF,England,18,2005,4.1,203,194,7,1,2,0,3,0,0,0,0,0,183,2,3
247,Lovro Majer,"FW,MF",Croatia,26,1998,1.6,101,97,4,2,0,1,4,1,1,0,0,0,92,0,4
248,Donyell Malen,FW,Netherlands,25,1999,2.1,56,53,2,2,0,0,8,0,0,0,0,0,40,1,4
249,Ruslan Malinovskyi,MF,Ukraine,30,1993,0.4,28,25,3,0,0,1,3,0,3,3,0,0,24,0,0
250,Giorgi Mamardashvili,GK,Georgia,23,2000,4.0,124,61,63,19,0,0,0,0,0,0,0,0,66,0,0
251,Dennis Man,MF,Romania,25,1998,3.0,83,76,7,0,1,1,8,0,7,2,0,0,51,0,7
252,Rey Manaj,FW,Albania,26,1997,1.7,28,25,3,0,0,0,0,0,0,0,0,0,17,0,2
253,Gianluca Mancini,DF,Italy,27,1996,1.0,66,65,1,0,0,0,0,0,0,0,0,0,60,0,0
254,Orel Mangala,MF,Belgium,25,1998,1.5,70,69,1,1,0,0,0,0,0,0,0,0,68,0,1
255,Marius Marin,MF,Romania,25,1998,3.4,99,99,0,0,0,0,1,0,0,0,0,0,80,0,0
256,Răzvan Marin,MF,Romania,27,1996,3.9,109,104,5,3,2,1,5,0,1,0,1,0,86,0,1
257,Ádám Martin,"FW,DF",Hungary,29,1994,0.5,17,16,1,0,0,0,1,0,0,0,0,0,10,0,1
258,Mykola Matviyenko,DF,Ukraine,27,1996,3.0,231,221,8,4,1,1,1,3,0,0,0,0,212,2,1
259,Kylian Mbappé,FW,France,25,1998,5.2,182,174,7,1,0,5,7,2,2,1,1,0,158,1,4
260,John McGinn,"MF,FW",Scotland,29,1994,2.6,45,44,1,0,0,0,4,0,0,0,0,0,28,0,4
261,Callum McGregor,MF,Scotland,30,1993,2.7,119,115,4,2,0,0,1,0,0,0,0,0,108,0,3
262,Scott McKenna,DF,Scotland,27,1996,1.5,93,80,12,1,0,1,1,8,0,0,0,0,75,1,3
263,Kenny McLean,MF,Scotland,32,1992,0.5,26,25,1,1,0,0,0,0,0,0,0,0,19,0,0
264,Scott McTominay,MF,Scotland,27,1996,3.0,62,52,10,4,1,0,9,1,5,4,1,0,42,0,2
265,Anzor Mekvabishvili,MF,Georgia,22,2001,2.1,91,90,1,1,0,2,1,0,0,0,0,0,76,0,3
266,Memphis,"FW,MF",Netherlands,29,1994,5.1,163,119,41,6,3,0,31,2,23,11,9,0,113,3,10
267,Nuno Mendes,DF,Portugal,21,2002,4.7,365,324,41,12,0,4,12,29,0,0,0,0,322,0,4
268,Mikel Merino,"MF,FW",Spain,27,1996,2.0,131,131,0,0,1,1,2,0,0,0,0,0,107,0,5
269,Valentin Mihaila,MF,Romania,23,2000,1.3,27,25,2,0,0,1,1,1,1,1,0,0,21,0,0
270,Srđan Mijailović,DF,Serbia,30,1993,0.8,25,20,5,0,0,0,3,5,0,0,0,0,14,0,0
271,Georges Mikautadze,FW,Georgia,23,2000,3.8,70,60,10,2,0,2,4,0,0,0,0,0,55,0,4
272,Nikola Milenković,DF,Serbia,26,1997,3.0,227,224,3,3,0,0,0,0,0,0,0,0,212,0,0
273,Sergej Milinković-Savić,MF,Serbia,28,1995,1.3,76,76,0,0,0,1,3,0,0,0,0,0,63,0,0
274,Mario Mitaj,DF,Albania,20,2003,3.0,147,115,32,7,0,0,2,25,0,0,0,0,127,0,3
275,Aleksandar Mitrović,FW,Serbia,29,1994,2.7,53,47,6,1,0,0,0,0,0,0,0,0,38,0,1
276,Maximilian Mittelstädt,DF,Germany,26,1997,3.4,217,197,18,2,0,0,24,16,0,0,0,0,182,2,2
277,Filip Mladenović,DF,Serbia,32,1991,1.2,61,45,16,1,0,0,8,14,1,0,1,0,44,0,2
278,Jan Mlakar,MF,Slovenia,25,1998,3.3,62,62,0,0,2,0,1,0,0,0,0,0,37,0,2
279,Jakub Moder,MF,Poland,24,1999,2.0,119,112,6,5,0,0,3,0,0,0,0,0,94,1,2
280,Luka Modrić,MF,Croatia,38,1985,2.6,221,206,15,9,1,1,9,1,4,3,0,0,190,0,5
281,Vasile Mogos,DF,Romania,31,1992,0.4,6,3,3,0,0,0,0,3,0,0,0,0,6,0,0
282,Álvaro Morata,FW,Spain,31,1992,5.0,110,102,8,0,0,0,2,0,0,0,0,0,78,0,5
283,Lewis Morgan,DF,Scotland,27,1996,0.0,2,2,0,0,0,0,0,0,0,0,0,0,1,0,1
284,Ernest Muçi,FW,Albania,22,2001,0.2,9,9,0,0,0,0,0,0,0,0,0,0,7,0,0
285,Mykhailo Mudryk,"FW,MF",Ukraine,23,2001,1.9,52,46,6,2,2,0,10,0,4,3,0,0,36,0,2
286,Mert Müldür,"DF,MF",Türkiye,24,1999,3.8,167,144,23,1,1,1,5,22,0,0,0,0,130,0,3
287,Thomas Müller,"MF,FW",Germany,34,1989,0.6,32,28,3,0,0,0,5,2,0,0,0,0,20,1,0
288,Jamal Musiala,FW,Germany,20,2003,4.7,168,168,0,0,1,0,3,0,0,0,0,0,148,0,3
289,Phillipp Mwene,DF,Austria,30,1994,2.2,109,94,15,1,0,0,10,14,0,0,0,0,91,0,3
290,Vitaliy Mykolenko,DF,Ukraine,24,1999,0.6,19,18,1,0,0,0,3,1,0,0,0,0,14,0,1
291,Joakim Mæhle,"DF,MF",Denmark,26,1997,3.1,157,137,19,0,0,0,10,19,0,0,0,0,129,1,2
292,Nacho,DF,Spain,34,1990,2.9,135,119,16,11,0,0,0,2,0,0,0,0,127,0,1
293,Ádám Nagy,MF,Hungary,28,1995,1.8,74,69,5,1,0,1,1,1,0,0,0,0,59,0,2
294,Zsolt Nagy,DF,Hungary,30,1993,0.2,8,7,1,0,0,0,2,1,0,0,0,0,4,0,1
295,Jesús Navas,DF,Spain,38,1985,1.7,71,56,15,2,0,1,9,13,0,0,0,0,56,0,2
296,Dan Ndoye,"MF,DF",Switzerland,23,2000,4.5,108,100,8,1,3,0,6,7,0,0,0,0,84,0,4
297,Pedro Neto,"DF,FW",Portugal,23,2000,1.3,89,85,4,1,1,0,11,2,1,1,0,0,70,0,2
298,Manuel Neuer,GK,Germany,37,1986,5.3,145,117,28,9,0,0,0,1,0,0,0,0,123,0,0
299,João Neves,MF,Portugal,19,2004,0.9,74,72,2,1,0,0,1,0,0,0,0,0,68,0,2
300,Rúben Neves,MF,Portugal,26,1997,1.4,117,108,9,2,1,1,9,1,6,2,3,0,100,0,0
301,Florin Niță,GK,Romania,36,1987,4.0,148,82,66,19,0,0,0,0,0,0,0,0,87,0,0
302,Matheus Nunes,MF,Portugal,25,1998,0.2,18,18,0,0,0,0,1,0,0,0,0,0,16,0,0
303,Christian Nørgaard,MF,Denmark,29,1994,0.4,42,41,1,0,0,0,2,1,0,0,0,0,34,0,1
304,Adam Obert,DF,Slovakia,21,2002,0.3,27,22,5,1,0,1,1,4,0,0,0,0,22,0,2
305,Jan Oblak,GK,Slovenia,31,1993,4.3,128,67,61,16,0,0,0,0,0,0,0,0,79,0,0
306,Darius Olaru,MF,Romania,25,1998,0.3,17,14,3,1,0,0,1,1,0,0,0,0,14,0,0
307,Dani Olmo,"MF,FW",Spain,25,1998,4.8,186,181,2,2,3,1,4,0,0,0,0,0,151,3,4
308,Amadou Onana,MF,Belgium,22,2001,4.0,240,233,6,6,1,0,0,0,0,0,0,0,216,1,1
309,Loïs Openda,FW,Belgium,23,2000,0.8,7,7,0,0,0,0,2,0,0,0,0,0,3,0,0
310,Willi Orban,DF,Hungary,31,1992,3.0,138,134,3,2,0,0,0,1,0,0,0,0,118,1,3
311,Mikel Oyarzabal,FW,Spain,26,1997,2.2,63,59,4,1,0,0,2,0,0,0,0,0,58,0,0
312,Salih Özcan,MF,Türkiye,26,1998,1.7,71,69,2,2,0,0,0,0,0,0,0,0,57,0,1
313,João Palhinha,MF,Portugal,28,1995,3.3,188,186,2,2,0,4,0,0,0,0,0,0,166,0,2
314,Cole Palmer,"MF,FW",England,21,2002,1.7,79,70,9,2,1,0,9,6,1,0,1,0,59,0,0
315,Mario Pašalić,"FW,MF",Croatia,28,1995,1.3,40,40,0,0,1,0,1,0,0,0,0,0,34,0,2
316,Strahinja Pavlović,DF,Serbia,22,2001,3.0,180,174,5,3,0,0,6,2,0,0,0,0,137,1,5
317,Pedri,MF,Spain,21,2002,2.1,89,89,0,0,1,0,1,0,0,0,0,0,80,0,2
318,Peter Pekarík,DF,Slovakia,37,1986,4.2,121,95,26,0,0,0,5,26,0,0,0,0,107,0,3
319,Lorenzo Pellegrini,"FW,MF",Italy,27,1996,2.4,107,101,6,2,1,0,6,0,4,1,2,0,91,0,2
320,Patrick Pentz,GK,Austria,27,1997,4.0,148,125,23,8,0,0,0,0,0,0,0,0,120,0,0
321,Pepe,DF,Portugal,40,1983,4.5,405,392,11,7,0,3,0,0,0,0,0,0,379,2,0
322,Danilo Pereira,DF,Portugal,32,1991,1.0,87,86,1,1,0,0,0,0,0,0,0,0,83,0,0
323,Ayoze Pérez,FW,Spain,30,1993,0.1,3,3,0,0,0,0,0,0,0,0,0,0,3,0,0
324,Ivan Perišić,"DF,FW",Croatia,34,1989,1.5,63,56,7,0,0,0,14,7,0,0,0,0,44,0,2
325,Bruno Petković,FW,Croatia,29,1994,1.0,20,18,2,0,0,0,0,0,0,0,0,0,16,0,0
326,Krzysztof Piątek,FW,Poland,28,1995,0.7,10,10,0,0,0,0,1,0,0,0,0,0,6,0,0
327,Jordan Pickford,GK,England,29,1994,7.7,307,241,66,15,0,0,0,0,0,0,0,0,229,0,0
328,Jakub Piotrowski,MF,Poland,26,1997,0.6,24,22,2,2,1,0,1,0,0,0,0,0,16,0,2
329,Marin Pongračić,DF,Croatia,26,1997,2.0,124,118,6,6,0,0,0,0,0,0,0,0,113,0,0
330,Ryan Porteous,DF,Scotland,24,1999,0.5,25,21,4,0,0,0,0,4,0,0,0,0,19,0,0
331,Stefan Posch,DF,Austria,26,1997,4.0,215,172,43,3,2,0,13,40,0,0,0,0,159,0,10
332,Yussuf Poulsen,"FW,MF",Denmark,29,1994,0.6,20,20,0,0,0,0,1,0,0,0,0,0,12,0,1
333,Alexander Prass,DF,Austria,22,2001,1.8,95,79,15,2,0,0,7,13,0,0,0,0,72,1,1
334,Lukáš Provod,MF,Czechia,27,1996,2.6,87,80,6,3,0,0,2,0,0,0,0,0,70,1,3
335,George Pușcaș,FW,Romania,27,1996,0.4,13,13,0,0,0,0,0,0,0,0,0,0,4,0,1
336,Leopold Querfeld,DF,Austria,20,2003,0.3,9,5,4,2,0,0,0,0,0,0,0,0,7,0,0
337,Adrien Rabiot,MF,France,28,1995,4.1,236,225,11,7,0,1,3,3,0,0,0,0,216,0,2
338,Bogdan Racovitan,DF,Romania,23,2000,0.6,25,24,1,1,0,0,0,0,0,0,0,0,23,0,0
339,Predrag Rajković,GK,Serbia,28,1995,3.0,103,78,24,7,0,0,0,0,0,0,0,0,68,1,0
340,Anthony Ralston,DF,Scotland,25,1998,2.9,95,85,10,1,0,1,9,9,0,0,0,0,67,0,5
341,Ylber Ramadani,MF,Albania,27,1996,2.9,103,101,2,2,0,0,2,0,0,0,0,0,94,0,0
342,Gonçalo Ramos,FW,Portugal,22,2001,0.3,1,1,0,0,0,0,0,0,0,0,0,0,1,0,0
343,Giacomo Raspadori,FW,Italy,23,2000,0.9,49,42,7,1,1,0,10,0,6,3,3,0,36,0,0
344,Andrei Ratiu,DF,Romania,25,1998,4.0,117,79,38,1,0,0,3,37,0,0,0,0,97,0,0
345,David Raum,DF,Germany,25,1998,1.8,99,86,13,0,0,0,7,12,1,0,0,0,75,0,4
346,David Raya,GK,Spain,28,1995,1.0,42,34,7,2,0,1,0,0,0,0,0,0,36,1,0
347,Tijjani Reijnders,MF,Netherlands,25,1998,5.5,265,261,3,2,3,1,1,0,0,0,0,0,246,1,3
348,Mateo Retegui,FW,Italy,24,1999,1.7,19,18,1,0,1,0,0,0,0,0,0,0,10,0,0
349,Declan Rice,MF,England,25,1999,7.7,530,516,12,11,1,5,7,1,0,0,0,0,484,2,6
350,Fabian Rieder,MF,Switzerland,21,2002,2.4,89,78,10,2,2,0,14,1,7,7,0,0,62,1,1
351,Andrew Robertson,DF,Scotland,29,1994,3.0,120,90,30,13,0,0,13,16,1,1,0,0,91,0,5
352,Rodri,MF,Spain,27,1996,5.8,439,430,7,6,0,4,0,1,0,0,0,0,408,2,1
353,Ricardo Rodríguez,DF,Switzerland,31,1992,5.3,250,229,20,5,1,2,10,14,1,0,1,0,214,1,1
354,Taras Romanchuk,MF,Poland,32,1991,0.6,14,14,0,0,0,0,0,0,0,0,0,0,11,0,0
355,Cristiano Ronaldo,FW,Portugal,38,1985,5.4,104,94,10,0,0,0,4,4,0,0,0,0,86,0,6
356,Antonio Rüdiger,DF,Germany,30,1993,5.3,409,401,7,5,2,0,8,2,0,0,0,0,372,1,1
357,Fabián Ruiz Peña,MF,Spain,27,1996,6.0,442,427,14,13,2,3,11,1,0,0,0,0,392,1,7
358,Adrian Rus,MF,Romania,27,1996,0.2,6,6,0,0,0,0,0,0,0,0,0,0,1,0,0
359,Marcel Sabitzer,"FW,MF",Austria,29,1994,4.0,170,149,21,4,1,0,29,2,13,6,7,0,110,0,6
360,Bukayo Saka,"FW,DF",England,22,2001,7.0,265,252,13,2,0,0,20,9,0,0,0,0,222,0,4
361,Bartosz Salamon,DF,Poland,32,1991,0.9,33,23,10,0,0,0,0,0,0,0,0,0,28,0,0
362,William Saliba,DF,France,22,2001,6.3,360,345,15,4,0,0,0,1,0,0,0,0,346,0,0
363,Roland Sallai,MF,Hungary,26,1997,3.0,79,76,3,0,1,0,7,2,0,0,0,0,61,0,2
364,Lazar Samardzic,MF,Serbia,21,2002,0.6,21,18,3,0,0,2,4,0,3,2,1,0,16,0,0
365,Leroy Sané,FW,Germany,28,1996,2.3,68,66,1,0,1,0,3,0,0,0,0,0,57,1,2
366,Leo Sauer,FW,Slovakia,18,2005,0.1,1,1,0,0,0,0,1,0,0,0,0,0,0,0,0
367,Gianluca Scamacca,FW,Italy,25,1999,2.8,51,46,5,1,3,0,0,0,0,0,0,0,32,0,2
368,András Schäfer,MF,Hungary,24,1999,3.0,135,125,10,4,0,0,2,1,0,0,0,0,117,0,2
369,Fabian Schär,DF,Switzerland,32,1991,5.3,255,238,16,14,0,9,6,2,0,0,0,0,211,1,5
370,Patrik Schick,FW,Czechia,28,1996,1.4,33,33,0,0,0,0,2,0,0,0,0,0,21,0,2
371,Nico Schlotterbeck,DF,Germany,24,1999,1.3,87,82,5,2,0,0,0,0,0,0,0,0,79,0,1
372,Kasper Schmeichel,GK,Denmark,37,1986,4.0,112,85,27,6,0,0,0,0,0,0,0,0,90,0,0
373,Romano Schmid,"FW,MF",Austria,24,2000,1.6,73,67,6,2,1,0,7,0,4,1,2,0,56,0,2
374,Jerdy Schouten,MF,Netherlands,27,1997,5.6,328,321,7,7,0,1,1,0,0,0,0,0,302,0,1
375,Ivan Schranz,FW,Slovakia,30,1993,3.7,86,82,1,0,0,0,4,1,0,0,0,0,62,3,3
376,Taulant Seferi,FW,Albania,27,1996,1.0,26,25,1,0,0,0,1,1,0,0,0,0,17,0,1
377,Nicolas Seiwald,MF,Austria,22,2001,4.0,235,232,3,2,2,0,1,1,0,0,0,0,205,0,4
378,Nélson Semedo,DF,Portugal,30,1993,1.1,56,48,7,1,0,0,3,6,0,0,0,0,50,1,1
379,Benjamin Šeško,FW,Slovenia,20,2003,4.0,71,70,0,0,0,0,1,0,0,0,0,0,43,1,3
380,Petr Ševčík,MF,Czechia,29,1994,0.2,26,26,0,0,0,0,0,0,0,0,0,0,20,0,1
381,Stephan El Shaarawy,FW,Italy,31,1992,0.5,10,10,0,0,0,0,0,0,0,0,0,0,8,0,0
382,Lawrence Shankland,FW,Scotland,28,1995,0.3,11,11,0,0,0,0,1,0,0,0,0,0,5,0,0
383,Mykola Shaparenko,MF,Ukraine,25,1998,2.4,129,126,2,2,2,1,3,0,0,0,0,0,111,1,2
384,Xherdan Shaqiri,"MF,FW",Switzerland,32,1991,0.8,38,27,10,1,0,0,6,0,7,5,0,0,26,1,0
385,Luke Shaw,DF,England,28,1995,2.0,87,72,15,4,0,1,7,11,0,0,0,0,76,0,1
386,Vincent Sierro,MF,Switzerland,28,1995,0.4,25,24,1,0,0,0,1,0,1,0,1,0,15,0,1
387,António Silva,DF,Portugal,20,2003,0.8,66,64,2,0,0,0,0,2,0,0,0,0,59,0,0
388,Bernardo Silva,"FW,MF",Portugal,29,1994,4.7,267,247,18,4,0,1,11,6,8,2,0,0,239,2,5
389,Unai Simón,GK,Spain,26,1997,6.3,245,199,45,10,0,0,0,0,0,0,0,0,191,1,1
390,Xavi Simons,"MF,FW",Netherlands,20,2003,5.0,184,177,4,1,0,1,8,0,2,1,1,0,152,3,4
391,Michał Skóraś,DF,Poland,23,2000,0.3,9,9,0,0,0,0,0,0,0,0,0,0,6,0,1
392,Łukasz Skorupski,GK,Poland,32,1991,1.0,29,14,15,2,0,0,0,0,0,0,0,0,24,0,0
393,Andreas Skov Olsen,"MF,FW",Denmark,24,1999,1.4,38,36,2,0,0,0,3,1,1,1,0,0,30,0,2
394,Milan Škriniar,DF,Slovakia,28,1995,4.3,282,263,18,14,0,3,0,0,0,0,0,0,257,1,0
395,Bartosz Slisz,MF,Poland,24,1999,1.2,43,43,0,0,0,0,0,0,0,0,0,0,35,0,0
396,Yann Sommer,GK,Switzerland,35,1988,5.3,167,142,24,6,0,0,0,0,0,0,0,0,138,1,0
397,Deian Sorescu,"MF,DF",Romania,26,1997,0.4,16,11,5,1,0,0,1,4,0,0,0,0,12,0,0
398,Borna Sosa,DF,Croatia,26,1998,0.1,2,2,0,0,0,0,1,0,0,0,0,0,1,0,0
399,Tomáš Souček,MF,Czechia,28,1995,3.0,94,92,2,2,0,1,2,0,0,0,0,0,74,0,1
400,Andraž Šporar,FW,Slovenia,29,1994,3.8,69,63,6,0,0,0,5,0,0,0,0,0,46,0,3
401,Nicolae Stanciu,"MF,FW",Romania,30,1993,3.9,113,100,13,5,0,3,8,0,5,1,0,0,83,0,5
402,Jindřich Staněk,GK,Czechia,27,1996,2.6,75,43,32,8,0,0,0,0,0,0,0,0,48,0,0
403,Josip Stanišić,DF,Croatia,23,2000,2.0,133,119,14,0,0,2,4,14,0,0,0,0,109,0,3
404,Renato Steffen,DF,Switzerland,32,1991,0.0,2,2,0,0,0,0,0,0,0,0,0,0,2,0,0
405,Taras Stepanenko,MF,Ukraine,34,1989,0.9,74,73,1,1,0,0,1,0,0,0,0,0,63,0,0
406,Leonidas Stergiou,DF,Switzerland,21,2002,0.5,11,8,3,0,0,0,0,3,0,0,0,0,6,0,1
407,Petar Stojanović,MF,Slovenia,28,1995,3.5,107,99,7,2,0,1,1,5,0,0,0,0,78,1,5
408,John Stones,DF,England,29,1994,7.7,559,548,11,10,1,8,0,0,0,0,0,0,525,0,2
409,Thomas Strakosha,GK,Albania,28,1995,3.0,93,57,35,5,0,0,0,0,0,0,0,0,65,1,0
410,Dávid Strelec,FW,Slovakia,22,2001,2.0,42,38,4,0,2,0,0,0,0,0,0,0,27,0,1
411,Callum Styles,MF,Hungary,23,2000,0.7,27,25,2,2,1,0,0,0,0,0,0,0,21,0,0
412,Luka Sučić,"FW,MF",Croatia,21,2002,1.6,84,81,3,3,1,2,2,0,0,0,0,0,77,0,1
413,Heorhiy Sudakov,MF,Ukraine,21,2002,2.9,120,115,5,1,0,1,5,1,2,0,1,0,100,0,3
414,Pavel Šulc,MF,Czechia,23,2000,0.9,16,16,0,0,0,0,0,0,0,0,0,0,12,0,2
415,Tomáš Suslov,"FW,MF",Slovakia,21,2002,1.4,54,47,7,1,0,1,12,3,2,1,1,0,38,0,5
416,Josip Šutalo,DF,Croatia,23,2000,3.0,199,194,5,4,0,0,0,1,0,0,0,0,191,0,0
417,Oleksandr Svatok,DF,Ukraine,29,1994,0.9,25,22,3,0,0,0,0,0,0,0,0,0,24,0,0
418,Karol Świderski,FW,Poland,27,1997,1.0,16,13,3,0,0,0,3,0,1,0,1,0,11,0,0
419,Serhiy Sydorchuk,MF,Ukraine,32,1991,0.1,2,2,0,0,0,0,0,0,0,0,0,0,1,0,0
420,Attila Szalai,DF,Hungary,26,1998,1.1,59,55,3,1,0,0,1,2,0,0,0,0,48,1,0
421,Wojciech Szczęsny,GK,Poland,33,1990,2.0,66,49,17,4,0,0,0,0,0,0,0,0,42,0,0
422,Dominik Szoboszlai,MF,Hungary,23,2000,3.0,149,107,39,13,0,5,16,10,15,6,5,0,110,3,3
423,Sebastian Szymański,MF,Poland,24,1999,1.2,37,34,3,0,0,0,3,0,2,0,2,0,30,0,1
424,Dušan Tadić,MF,Serbia,35,1988,1.7,87,77,9,1,1,0,14,0,8,5,2,0,65,1,0
425,Jonathan Tah,DF,Germany,27,1996,3.5,282,275,7,6,0,0,0,1,0,0,0,0,266,0,0
426,Maksym Talovierov,MF,Ukraine,23,2000,0.0,1,1,0,0,0,0,0,0,0,0,0,0,1,0,0
427,Aurélien Tchouaméni,MF,France,24,2000,5.2,381,373,8,8,0,9,6,0,0,0,0,0,355,0,3
428,Arthur Theate,DF,Belgium,23,2000,2.8,197,168,29,5,0,2,2,24,0,0,0,0,169,0,2
429,Marcus Thuram,FW,France,26,1997,2.9,53,50,3,0,1,0,0,0,0,0,0,0,45,0,1
430,Youri Tielemans,MF,Belgium,26,1997,1.6,112,108,4,2,0,1,3,1,0,0,0,0,96,0,3
431,Kieran Tierney,DF,Scotland,26,1997,1.5,92,80,12,4,0,0,2,6,0,0,0,0,69,0,5
432,Ivan Toney,FW,England,27,1996,0.5,15,15,0,0,0,0,0,0,0,0,0,0,8,0,0
433,Ferrán Torres,"FW,MF",Spain,23,2000,1.7,46,40,6,1,1,1,8,1,4,1,1,0,34,0,2
434,Cenk Tosun,FW,Türkiye,32,1991,0.3,4,4,0,0,0,0,0,0,0,0,0,0,2,0,0
435,Gernot Trauner,DF,Austria,31,1992,1.0,78,74,4,1,0,0,0,1,0,0,0,0,74,0,1
436,Kieran Trippier,DF,England,33,1990,5.0,357,310,46,11,0,4,13,25,10,3,4,0,313,1,4
437,Leandro Trossard,FW,Belgium,29,1994,1.9,70,68,2,2,0,1,3,0,0,0,0,0,55,0,2
438,Anatolii Trubin,GK,Ukraine,22,2001,2.0,70,52,17,3,0,0,0,0,0,0,0,0,55,1,0
439,Heorhii Tsitaishvili,"DF,MF",Georgia,23,2000,2.1,68,59,9,1,0,0,11,7,1,1,0,0,47,0,3
440,Viktor Tsyhankov,FW,Ukraine,26,1997,0.7,32,29,3,0,0,0,5,0,3,2,0,0,25,0,2
441,Ľubomír Tupta,MF,Slovakia,25,1998,0.1,4,4,0,0,0,0,0,0,0,0,0,0,4,0,0
442,Oleksandr Tymchyk,DF,Ukraine,27,1997,2.2,83,59,23,1,0,0,8,22,0,0,0,0,66,1,3
443,Deniz Undav,MF,Germany,27,1996,0.1,2,2,0,0,1,0,0,0,0,0,0,0,1,0,0
444,Dayot Upamecano,DF,France,25,1998,6.3,371,357,14,13,0,8,1,1,0,0,0,0,339,0,2
445,Kacper Urbanski,"FW,MF",Poland,19,2004,1.6,49,49,0,0,1,0,1,0,0,0,0,0,41,0,0
446,Virgil van Dijk,DF,Netherlands,32,1991,6.0,394,364,29,11,0,0,0,0,0,0,0,0,356,1,0
447,Vladyslav Vanat,FW,Ukraine,22,2002,0.2,2,2,0,0,0,0,0,0,0,0,0,0,1,0,1
448,Barnabás Varga,FW,Hungary,30,1994,2.8,54,52,1,0,0,0,0,0,0,0,0,0,27,1,1
449,Ruben Vargas,"MF,FW",Switzerland,25,1998,3.4,118,104,14,4,0,0,15,2,7,4,0,0,88,0,5
450,Denis Vavro,DF,Slovakia,27,1996,4.3,264,250,14,6,0,7,3,2,0,0,0,0,213,0,3
451,Joey Veerman,MF,Netherlands,25,1998,2.3,167,153,14,4,0,0,13,2,8,2,5,0,131,0,4
452,Miloš Veljković,DF,Serbia,28,1995,3.0,226,225,1,0,0,2,2,1,0,0,0,0,206,0,0
453,Micky van de Ven,DF,Netherlands,22,2001,0.8,43,35,8,1,0,0,1,7,0,0,0,0,33,0,1
454,Benjamin Verbič,MF,Slovenia,30,1993,0.8,14,14,0,0,1,0,1,0,0,0,0,0,6,0,1
455,Bart Verbruggen,GK,Netherlands,21,2002,6.0,209,181,28,6,0,0,0,0,0,0,0,0,177,0,0
456,Jan Vertonghen,DF,Belgium,36,1987,3.0,209,207,2,1,0,0,0,0,0,0,0,0,196,0,0
457,Jannik Vestergaard,DF,Denmark,31,1992,4.0,268,255,11,4,0,2,0,0,0,0,0,0,250,2,0
458,Žan Vipotnik,FW,Slovenia,21,2002,0.2,2,2,0,0,0,0,0,0,0,0,0,0,0,0,0
459,Vitinha,MF,Portugal,23,2000,4.0,323,306,16,3,2,1,15,2,11,3,4,0,294,1,7
460,Daniel Vivian,DF,Spain,24,1999,1.4,109,107,2,2,0,3,0,0,0,0,0,0,101,0,1
461,Dušan Vlahović,"MF,FW",Serbia,24,2000,2.0,27,26,1,0,0,1,0,1,0,0,0,0,15,0,1
462,Stefan de Vrij,DF,Netherlands,31,1992,6.0,416,406,10,9,1,2,1,1,0,0,0,0,381,0,2
463,Kyle Walker,DF,England,33,1990,7.7,554,487,66,12,0,7,4,54,0,0,0,0,490,1,9
464,Ollie Watkins,FW,England,28,1995,0.7,5,4,1,0,0,0,0,0,0,0,0,0,4,0,0
465,Wout Weghorst,FW,Netherlands,31,1992,1.5,31,30,1,0,0,0,1,0,0,0,0,0,22,0,2
466,Andreas Weimann,FW,Austria,32,1991,0.0,1,1,0,0,0,0,0,0,0,0,0,0,0,0,0
467,Silvan Widmer,DF,Switzerland,30,1993,3.3,127,89,38,0,0,0,4,38,0,0,0,0,96,0,5
468,Georginio Wijnaldum,MF,Netherlands,33,1990,0.8,16,16,0,0,0,0,0,0,0,0,0,0,10,0,3
469,Nico Williams,FW,Spain,21,2002,5.5,220,196,24,3,1,2,33,0,21,14,1,0,179,0,5
470,Patrick Wimmer,"FW,MF",Austria,22,2001,1.5,48,42,5,1,0,0,8,0,4,2,2,0,32,1,2
471,Jonas Wind,FW,Denmark,24,1999,2.1,77,77,0,0,0,0,1,0,0,0,0,0,62,0,0
472,Florian Wirtz,"FW,MF",Germany,20,2003,3.1,190,178,11,2,2,1,5,6,2,0,0,0,168,1,2
473,Maximilian Wöber,DF,Austria,25,1998,1.9,118,117,1,1,0,0,3,0,0,0,0,0,101,0,1
474,Granit Xhaka,MF,Switzerland,31,1992,5.3,407,393,13,11,3,1,1,1,0,0,0,0,369,1,2
475,Lamine Yamal,FW,Spain,16,2007,5.6,205,188,16,2,2,0,24,2,12,7,0,0,158,1,9
476,Roman Yaremchuk,FW,Ukraine,28,1995,1.3,30,29,1,0,0,1,0,0,0,0,0,0,23,0,1
477,Andriy Yarmolenko,"FW,MF",Ukraine,34,1989,1.2,49,46,3,2,1,0,5,1,0,0,0,0,34,0,1
478,Yusuf Yazıcı,"MF,FW",Türkiye,27,1997,0.6,20,19,1,0,0,0,0,0,0,0,0,0,16,0,0
479,Kenan Yıldız,"FW,MF",Türkiye,18,2005,3.8,110,109,1,0,1,0,2,1,0,0,0,0,92,0,3
480,Okay Yokuşlu,"MF,DF",Türkiye,29,1994,0.6,28,28,0,0,0,0,0,0,0,0,0,0,26,0,0
481,İsmail Yüksek,MF,Türkiye,25,1999,1.7,99,99,0,0,0,1,0,0,0,0,0,0,91,0,0
482,Illia Zabarnyi,DF,Ukraine,21,2002,3.0,200,192,7,6,0,1,0,0,0,0,0,0,172,1,1
483,Mattia Zaccagni,"MF,FW",Italy,28,1995,0.9,38,34,4,0,0,0,5,2,2,2,0,0,30,0,0
484,Denis Zakaria,MF,Switzerland,27,1996,0.3,7,7,0,0,0,0,0,0,0,0,0,0,7,0,0
485,Nicola Zalewski,DF,Poland,22,2002,2.7,100,89,11,2,0,0,10,9,0,0,0,0,73,0,8
486,Piotr Zieliński,MF,Poland,29,1994,2.8,150,136,14,5,1,0,11,0,6,2,4,0,123,0,3
487,Oleksandr Zinchenko,DF,Ukraine,27,1996,2.4,161,146,14,4,0,3,4,7,3,0,1,0,137,1,1
488,Joshua Zirkzee,"FW,DF",Netherlands,22,2001,0.1,2,2,0,0,0,0,0,0,0,0,0,0,2,0,0
489,Andrija Živković,DF,Serbia,27,1996,2.7,142,122,20,0,0,2,13,20,0,0,0,0,115,0,6
490,Budu Zivzivadze,"FW,MF",Georgia,29,1994,0.2,3,3,0,0,0,0,0,0,0,0,0,0,3,0,0
491,Steven Zuber,MF,Switzerland,32,1991,0.9,35,35,0,0,0,1,1,0,0,0,0,0,32,0,2
492,Martín Zubimendi,MF,Spain,24,1999,1.6,117,116,1,1,0,1,1,0,0,0,0,0,108,0,1
493,Oleksandr Zubkov,FW,Ukraine,27,1996,0.3,10,8,1,0,0,0,0,1,0,0,0,0,6,1,1
